CHRNA6	cluster_1
TFAP2C	cluster_1
ARSH	cluster_1
DCTPP1	cluster_1
PTPRN2	cluster_1
TFB2M	cluster_1
FKBP2	cluster_1
SPIN1	cluster_1
CLEC4C	cluster_1
MYL6B	cluster_1
FITM1	cluster_1
ZNF799	cluster_1
CHFR	cluster_1
OR4A15	cluster_1
AP2M1	cluster_1
PPARD	cluster_1
SNCA	cluster_1
HNRNPUL1	cluster_1
RALB	cluster_1
CMPK2	cluster_1
SYCP1	cluster_1
RBM19	cluster_1
C5orf24	cluster_1
SCML1	cluster_1
HIST4H4	cluster_1
POFUT1	cluster_1
TACR2	cluster_1
PRKAA2	cluster_1
TRMT13	cluster_1
RPLP1	cluster_3
OR4N4	cluster_3
EPCAM	cluster_3
RTF1	cluster_3
NCOA6	cluster_3
PHIP	cluster_3
SREK1	cluster_3
TOB2	cluster_3
ARL14EPL	cluster_3
ADAT2	cluster_3
CAAP1	cluster_3
MYO1B	cluster_3
ACN9	cluster_3
CHCHD1	cluster_3
SLC7A11	cluster_3
ALDOC	cluster_3
P2RY11	cluster_3
BAIAP2	cluster_3
NPFFR1	cluster_3
PRSS27	cluster_3
TNFRSF14	cluster_3
ENTPD2	cluster_3
IL2	cluster_3
CORIN	cluster_3
REXO1L10P	cluster_5
ELP5	cluster_5
PPP1R13L	cluster_5
OR5K3	cluster_5
PRKCE	cluster_5
FN3KRP	cluster_5
RS1	cluster_5
SPOCD1	cluster_5
TMX2-CTNND1	cluster_5
NUDCD1	cluster_5
TRAF5	cluster_5
PDGFB	cluster_5
MPPED2	cluster_5
GUCA2A	cluster_5
MTMR2	cluster_5
IDE	cluster_5
CEP152	cluster_5
PCDHB4	cluster_5
TM2D2	cluster_7
DENND5B	cluster_7
SPPL2C	cluster_7
OLIG1	cluster_7
NAP1L5	cluster_7
RBPJ	cluster_7
MDP1	cluster_7
KRT33A	cluster_7
CRTAM	cluster_7
CD69	cluster_7
SLC39A13	cluster_7
PTP4A1	cluster_7
RNF103-CHMP3	cluster_7
PDE1B	cluster_7
HIST1H2AM	cluster_7
DUS3L	cluster_7
PDC	cluster_7
RAB6A	cluster_7
METAP1D	cluster_7
SMPX	cluster_7
XG	cluster_7
TIGD7	cluster_7
SLC11A2	cluster_7
RRP1B	cluster_7
ZC3HC1	cluster_7
KLK14	cluster_7
PGK2	cluster_7
FAM46D	cluster_7
KRT14	cluster_9
GCNT2	cluster_9
CRYAA	cluster_9
COL19A1	cluster_9
HNRNPH2	cluster_9
TIAF1	cluster_9
RSRC2	cluster_9
C9orf123	cluster_9
UROC1	cluster_9
UGT1A6	cluster_9
SMARCA2	cluster_9
SLC22A10	cluster_9
ASB15	cluster_9
ACTBL2	cluster_9
TLX3	cluster_9
DENND6B	cluster_9
TMEM87B	cluster_9
ADA	cluster_9
TAC3	cluster_9
MYL12A	cluster_9
FAM83G	cluster_9
CRMP1	cluster_9
RAB11FIP4	cluster_9
PI16	cluster_9
USP21	cluster_9
ALPK2	cluster_9
PDYN	cluster_9
KIAA1456	cluster_9
TRMU	cluster_9
CCDC65	cluster_9
ASZ1	cluster_9
TTC30B	cluster_9
KL	cluster_18
TCTN1	cluster_18
KLK5	cluster_18
LRPPRC	cluster_18
RAB3IP	cluster_18
WASH6P	cluster_18
KIF20B	cluster_18
NBN	cluster_18
PLEK	cluster_18
TCEAL4	cluster_18
FHOD3	cluster_18
SAMD3	cluster_18
TRAPPC10	cluster_18
C16orf54	cluster_18
GCM2	cluster_18
CDK2	cluster_18
RTDR1	cluster_18
ZFAND2A	cluster_18
CYP2R1	cluster_18
FAM122C	cluster_18
MUTYH	cluster_18
EIF3A	cluster_18
CHIC1	cluster_18
THSD7A	cluster_18
UBXN7	cluster_18
GTF2H3	cluster_18
WDR85	cluster_18
U2AF1	cluster_18
SLC30A5	cluster_18
FGF13	cluster_18
GPAM	cluster_18
VASN	cluster_18
ACTB	cluster_19
ADCY7	cluster_19
ZNF777	cluster_19
SI	cluster_19
SDPR	cluster_19
C10orf114	cluster_19
OR6K6	cluster_19
HIST1H2BA	cluster_19
TGM5	cluster_19
DCAF10	cluster_19
KRT13	cluster_19
ADORA2B	cluster_19
PARP14	cluster_19
GNAT1	cluster_19
SPDL1	cluster_19
BOLA1	cluster_19
FKBP10	cluster_19
ATP6V1G1	cluster_19
RBM48	cluster_19
IFRD1	cluster_19
IER2	cluster_19
COMMD1	cluster_19
PDE1C	cluster_19
DHPS	cluster_19
STAT5B	cluster_19
DSCR8	cluster_19
ARPP21	cluster_19
HIST1H2BF	cluster_19
S100PBP	cluster_19
TINAG	cluster_19
ZFP30	cluster_19
FMO1	cluster_19
OCA2	cluster_22
N6AMT1	cluster_22
TMEM164	cluster_22
RNF7	cluster_22
MMP9	cluster_22
BCL9	cluster_22
RAB1A	cluster_22
ZBTB7A	cluster_22
ARX	cluster_22
FBXO24	cluster_22
CYTH2	cluster_22
SLC25A5	cluster_22
GLYAT	cluster_22
CRABP1	cluster_22
UCP3	cluster_22
GSK3A	cluster_22
ATF7IP2	cluster_22
OR7A17	cluster_22
PHYHD1	cluster_22
HOXC8	cluster_22
C22orf29	cluster_22
HTR1E	cluster_22
SPTLC3	cluster_22
HYI	cluster_22
ARHGEF15	cluster_22
KIF1C	cluster_22
RBM14	cluster_22
PLCD1	cluster_22
BBS5	cluster_27
RGS14	cluster_27
VPS4B	cluster_27
FGD2	cluster_27
PUSL1	cluster_27
SNX11	cluster_27
ZBTB17	cluster_27
DCUN1D4	cluster_27
METTL20	cluster_27
DERL3	cluster_27
GALNT14	cluster_27
RHBDL2	cluster_27
RASL10A	cluster_27
RIPK1	cluster_27
C2orf62	cluster_27
RER1	cluster_27
CHRAC1	cluster_27
S100A14	cluster_27
PCDHB11	cluster_27
DDX49	cluster_27
LCORL	cluster_27
TSNAXIP1	cluster_33
ZMYM4	cluster_33
CDK14	cluster_33
C4orf52	cluster_33
PHKB	cluster_33
CHRNB3	cluster_33
GOLGA6L10	cluster_33
SIPA1L1	cluster_33
FAM190A	cluster_33
FAM76B	cluster_33
SLC25A19	cluster_33
C20orf111	cluster_33
UBE2Q2	cluster_33
PADI4	cluster_33
APBB3	cluster_33
ALS2CR11	cluster_33
ZNF397	cluster_33
TRIP11	cluster_33
SNRPA	cluster_33
PCSK9	cluster_33
USP6NL	cluster_33
CGB7	cluster_33
TIMM44	cluster_33
OR51S1	cluster_33
PIGM	cluster_33
WNT8B	cluster_33
IL18	cluster_33
IQCF5	cluster_33
RBM22	cluster_33
TTC9C	cluster_33
SPTBN1	cluster_33
ZNF786	cluster_33
SLC6A15	cluster_52
KCNH8	cluster_52
TEX15	cluster_52
TMEM57	cluster_52
LACE1	cluster_52
KCTD20	cluster_52
KCNN3	cluster_52
ACTL7A	cluster_52
BET1L	cluster_52
PAPOLG	cluster_52
ALDOB	cluster_52
EIF4A3	cluster_52
RMND5A	cluster_52
KRTAP10-7	cluster_52
MYO5B	cluster_52
TAF3	cluster_52
CASP7	cluster_52
MYO18B	cluster_52
ID4	cluster_52
GLB1L2	cluster_52
VPS9D1	cluster_52
WDR45L	cluster_54
ZFAND5	cluster_54
PRSS42	cluster_54
PQLC1	cluster_54
DDN	cluster_54
ZNF391	cluster_54
METTL2A	cluster_54
JAZF1	cluster_54
EFR3A	cluster_54
KCTD10	cluster_54
EFNA2	cluster_54
PPM1A	cluster_54
HLA-DQB1	cluster_54
KIAA0195	cluster_54
RNF43	cluster_54
SH3GL2	cluster_54
ZNF644	cluster_54
KLHL36	cluster_54
CCDC80	cluster_54
SLC43A2	cluster_54
BEND2	cluster_54
HOXA2	cluster_54
CD151	cluster_54
DPP7	cluster_54
ARAF	cluster_54
GP1BA	cluster_54
RPS12	cluster_54
SRPR	cluster_54
IFI35	cluster_54
GDF5	cluster_62
AGAP3	cluster_62
PFKM	cluster_62
GNG7	cluster_62
C2orf73	cluster_62
RPS9	cluster_62
FRRS1	cluster_62
ABHD16A	cluster_62
ARHGEF12	cluster_62
MAGT1	cluster_62
COX8A	cluster_62
GJA5	cluster_62
MAPRE2	cluster_62
VPS18	cluster_62
GABARAPL3	cluster_62
CCNH	cluster_62
BOK	cluster_62
TGIF2LY	cluster_62
ZNF200	cluster_62
ZNF664	cluster_62
NARS2	cluster_62
MAGEL2	cluster_62
CUZD1	cluster_62
GNPTG	cluster_62
CBR3	cluster_62
PIWIL1	cluster_62
PRCP	cluster_62
WDR5B	cluster_62
SLC9B1P1	cluster_62
MEP1A	cluster_63
GABARAP	cluster_63
ZNF417	cluster_63
BLM	cluster_63
SNX16	cluster_63
GPI	cluster_63
KCNA1	cluster_63
C11orf30	cluster_63
DUSP13	cluster_63
ACAP3	cluster_63
MTRF1L	cluster_63
THOC5	cluster_63
TMED7-TICAM2	cluster_63
MAGEA8	cluster_63
JMJD8	cluster_63
APOBEC4	cluster_63
SNAP23	cluster_63
GRIA1	cluster_63
AHCYL1	cluster_63
GPR88	cluster_63
ZBTB8OS	cluster_63
JAKMIP2	cluster_63
N4BP2	cluster_63
PFKP	cluster_63
TTLL7	cluster_63
KIAA1033	cluster_63
IVD	cluster_63
IPMK	cluster_63
WDR76	cluster_63
TP53RK	cluster_63
MESDC2	cluster_63
PHACTR2	cluster_63
TNRC6C	cluster_71
CPEB3	cluster_71
ATG2B	cluster_71
EBLN2	cluster_71
NAIP	cluster_71
SRC	cluster_71
H2AFY2	cluster_71
CNN3	cluster_71
TES	cluster_71
CRY1	cluster_71
AP3S1	cluster_71
PPIF	cluster_71
GRIK2	cluster_71
USP10	cluster_71
ARPC1A	cluster_71
DSTN	cluster_71
PGA5	cluster_71
HPX	cluster_71
HCAR1	cluster_71
LLPH	cluster_71
POU4F3	cluster_71
FAXC	cluster_71
MREG	cluster_71
MED6	cluster_71
MID2	cluster_71
C14orf164	cluster_71
TRIM22	cluster_71
GAPDH	cluster_71
SYN3	cluster_74
DPP10	cluster_74
HIF3A	cluster_74
FSD1	cluster_74
FDXACB1	cluster_74
MRPL44	cluster_74
NRP1	cluster_74
LAPTM4A	cluster_74
KBTBD2	cluster_74
FKBP5	cluster_74
PLA2G3	cluster_74
DDX52	cluster_74
POLR2B	cluster_74
MRPL27	cluster_74
ZNF33A	cluster_74
RBM12	cluster_74
TPST2	cluster_74
ADAM21	cluster_74
SESN2	cluster_74
MGP	cluster_74
MAGEB5	cluster_74
CNOT7	cluster_74
SLC8A2	cluster_74
BARHL1	cluster_74
TGM3	cluster_79
PLA1A	cluster_79
FGFBP1	cluster_79
NSA2	cluster_79
TOMM40L	cluster_79
SZRD1	cluster_79
TRIM24	cluster_79
NPIPL3	cluster_79
NFKB2	cluster_79
HEATR5A	cluster_79
ATL3	cluster_79
ZNF764	cluster_79
GFRAL	cluster_79
TRNAU1AP	cluster_79
ENSA	cluster_79
INTS7	cluster_79
DDIT4L	cluster_79
MGST2	cluster_79
AFAP1L1	cluster_79
CNRIP1	cluster_79
ZNF462	cluster_79
GCOM1	cluster_79
MAP7D3	cluster_79
IMP4	cluster_80
TRIB2	cluster_80
ZNF140	cluster_80
XAGE1C	cluster_80
CCR1	cluster_80
ADRBK1	cluster_80
GAA	cluster_80
TMPRSS11D	cluster_80
PREB	cluster_80
CA10	cluster_80
SGSM3	cluster_80
GPR25	cluster_80
SPINK7	cluster_80
FGF22	cluster_80
NBEAL2	cluster_80
STX16	cluster_80
ZNF717	cluster_80
NNT	cluster_80
OR51G2	cluster_80
MANBA	cluster_80
PCDH9	cluster_80
ZNF76	cluster_80
COX4I1	cluster_80
EXOSC9	cluster_80
OR4A16	cluster_80
NOL7	cluster_80
GYLTL1B	cluster_80
MOB1A	cluster_80
SHANK2	cluster_80
BNIPL	cluster_80
OR10Q1	cluster_81
CCDC66	cluster_81
GTF2F1	cluster_81
FAM57B	cluster_81
PRDX2	cluster_81
MRPL22	cluster_81
YES1	cluster_81
LAPTM4B	cluster_81
SLC46A3	cluster_81
LYSMD4	cluster_81
NCBP2	cluster_81
FOSB	cluster_81
SACM1L	cluster_81
POLR3A	cluster_81
CDCA8	cluster_81
OGFOD3	cluster_81
STAMBPL1	cluster_81
C9orf9	cluster_81
AQP10	cluster_81
NLRC4	cluster_81
DCAF5	cluster_81
BRSK2	cluster_81
C7orf10	cluster_81
PRR4	cluster_81
PRPF38A	cluster_81
POLK	cluster_81
RTFDC1	cluster_81
C1D	cluster_81
TULP4	cluster_81
TECTB	cluster_81
HDAC3	cluster_87
OR51M1	cluster_87
GPR77	cluster_87
GABRD	cluster_87
AP3M2	cluster_87
ELP4	cluster_87
WDR7	cluster_87
NDUFS7	cluster_87
LBX2	cluster_87
MTM1	cluster_87
UBR5	cluster_87
C1orf189	cluster_87
ERF	cluster_87
GJD2	cluster_87
NLGN2	cluster_87
PITRM1	cluster_87
NTSR2	cluster_87
EXTL3	cluster_87
ADAM28	cluster_87
FBXO34	cluster_87
PITPNM3	cluster_87
POLR2C	cluster_87
KLHL15	cluster_87
MATR3	cluster_87
DCST1	cluster_87
ITGB3BP	cluster_89
FREM2	cluster_89
MAP4K4	cluster_89
ZIC3	cluster_89
CES4A	cluster_89
FKBP15	cluster_89
SEC16A	cluster_89
NTNG1	cluster_89
BFSP2	cluster_89
SMAD9	cluster_89
HDGFL1	cluster_89
ALPP	cluster_89
KCNT1	cluster_89
MRPL46	cluster_89
C7orf26	cluster_89
OXR1	cluster_89
NAGPA	cluster_89
NBPF10	cluster_89
SCGB2B2	cluster_89
PROCR	cluster_89
CCRL1	cluster_89
CCDC88A	cluster_91
PCED1A	cluster_91
SMARCE1	cluster_91
CDC42EP2	cluster_91
MMP25	cluster_91
KLF7	cluster_91
SH3KBP1	cluster_91
TMEM68	cluster_91
GZMM	cluster_91
LTB4R	cluster_91
ZNF362	cluster_91
KRBA1	cluster_91
C5orf51	cluster_91
GCGR	cluster_91
GPR114	cluster_91
FAM102B	cluster_91
PRKG1	cluster_91
TECRL	cluster_91
BEND7	cluster_91
MARCH2	cluster_91
ZSCAN18	cluster_91
SYNC	cluster_91
HBA2	cluster_91
LRRC25	cluster_91
CDC42SE1	cluster_91
SEPT1	cluster_91
PLXDC2	cluster_91
ZBTB25	cluster_91
TMEM132D	cluster_91
YME1L1	cluster_91
MMP19	cluster_95
GPA33	cluster_95
ABCA12	cluster_95
MRPL38	cluster_95
SLC32A1	cluster_95
TMEM9B	cluster_95
GPT2	cluster_95
PROKR2	cluster_95
CASK	cluster_95
COL9A3	cluster_95
ZNF81	cluster_95
ATP13A2	cluster_95
BCR	cluster_95
HPCAL1	cluster_95
HEMGN	cluster_95
HNRNPK	cluster_95
ME2	cluster_95
EIF2S2	cluster_95
PSD2	cluster_98
EDC4	cluster_98
TNFRSF10C	cluster_98
PCDHGA12	cluster_98
ESPNL	cluster_98
MT3	cluster_98
UPP1	cluster_98
ELMO1	cluster_98
TCEAL1	cluster_98
MICAL3	cluster_98
ELP3	cluster_98
PFKFB2	cluster_98
PDE6G	cluster_98
SAYSD1	cluster_98
SLC30A1	cluster_98
CAPN6	cluster_98
ATP1B3	cluster_98
PRSS53	cluster_98
KIAA0528	cluster_99
LITAF	cluster_99
DUSP11	cluster_99
HLA-G	cluster_99
RPS6KA2	cluster_99
CHKB-CPT1B	cluster_99
PHF21A	cluster_99
KRI1	cluster_99
TST	cluster_99
HMBOX1	cluster_99
YPEL3	cluster_99
FBRSL1	cluster_99
DPF1	cluster_99
PLBD2	cluster_99
NLRP12	cluster_99
SAMM50	cluster_99
ARID2	cluster_99
HEPH	cluster_99
CLEC18A	cluster_99
ATG4D	cluster_99
CYP2A6	cluster_99
MAGEA11	cluster_99
NKG7	cluster_99
SLC6A4	cluster_99
PRDM7	cluster_103
TAF11	cluster_103
BMP2	cluster_103
KRT72	cluster_103
SPTBN2	cluster_103
PTF1A	cluster_103
ABHD4	cluster_103
CA9	cluster_103
MBD2	cluster_103
TMEM132A	cluster_103
LGALS3BP	cluster_103
FGF21	cluster_103
NRD1	cluster_103
RAD1	cluster_103
NUPR1L	cluster_103
CPD	cluster_103
PHKG1	cluster_103
BTF3	cluster_103
ARHGEF28	cluster_103
GPR173	cluster_103
IL1A	cluster_103
ATP9A	cluster_103
STC2	cluster_103
PRKACA	cluster_103
BARX1	cluster_103
EDDM3B	cluster_103
OGDH	cluster_103
CLEC11A	cluster_103
LINGO2	cluster_103
DENND1A	cluster_103
CCNK	cluster_113
TACC1	cluster_113
SNRNP27	cluster_113
SLC13A1	cluster_113
TNFRSF21	cluster_113
PRRX2	cluster_113
RB1	cluster_113
RPP14	cluster_113
NDUFA4L2	cluster_113
RASL11A	cluster_113
OTOF	cluster_113
ATPAF2	cluster_113
ULBP3	cluster_113
ZNF609	cluster_113
MAATS1	cluster_113
GCK	cluster_113
KCNQ4	cluster_113
NARF	cluster_113
LY86	cluster_113
HSPA6	cluster_122
ADGB	cluster_122
RRH	cluster_122
SNX21	cluster_122
SIRT1	cluster_122
HYDIN	cluster_122
BFAR	cluster_122
DEFA1B	cluster_122
LRRC58	cluster_122
RPL10A	cluster_122
ZNF727	cluster_122
TMEM41A	cluster_122
CCDC13	cluster_122
ZNF365	cluster_122
LHB	cluster_122
BRS3	cluster_122
S100A16	cluster_122
GHRL	cluster_122
ADAM7	cluster_125
TMEM74B	cluster_125
RING1	cluster_125
ABCC11	cluster_125
NKAPL	cluster_125
LEFTY1	cluster_125
ENTPD3	cluster_125
KIAA1524	cluster_125
PPME1	cluster_125
TMC6	cluster_125
ZDHHC23	cluster_125
TOMM5	cluster_125
TAB2	cluster_125
C19orf73	cluster_125
ASTN1	cluster_125
NCBP1	cluster_125
C18orf21	cluster_125
DERL1	cluster_125
SYT1	cluster_125
BRD8	cluster_125
PRAMEF14	cluster_130
S100B	cluster_130
PRUNE2	cluster_130
HIST1H3E	cluster_130
GSX2	cluster_130
OR1L3	cluster_130
B4GALT2	cluster_130
SLC9A2	cluster_130
SLA	cluster_130
MCM4	cluster_130
MAK	cluster_130
USP17L22	cluster_130
ZNF551	cluster_130
TOP3A	cluster_130
RFX5	cluster_130
MYBPH	cluster_130
MAP3K4	cluster_130
MATN3	cluster_130
ACER2	cluster_130
TJP2	cluster_130
FTO	cluster_130
PITX3	cluster_130
SMS	cluster_130
ST8SIA1	cluster_130
KIAA0907	cluster_130
DPPA5	cluster_130
LDLRAD4	cluster_130
FAM9A	cluster_130
CDK5	cluster_135
DNAJC14	cluster_135
TBL1X	cluster_135
MSL2	cluster_135
C21orf33	cluster_135
MAGEB10	cluster_135
TNNI1	cluster_135
PDE2A	cluster_135
MEIS3	cluster_135
LSM10	cluster_135
NUP107	cluster_135
ZBTB38	cluster_135
APCDD1	cluster_135
POLL	cluster_135
GLB1	cluster_135
GALNT1	cluster_135
IGJ	cluster_135
HIST1H3A	cluster_136
IFI6	cluster_136
UCHL1	cluster_136
LPCAT3	cluster_136
D2HGDH	cluster_136
ECEL1	cluster_136
UBE2L6	cluster_136
SMARCA5	cluster_136
CDH17	cluster_136
KCNC3	cluster_136
IL4	cluster_136
HSD17B14	cluster_136
RILP	cluster_136
MAL	cluster_136
AKAP6	cluster_136
ZBTB34	cluster_136
MAP4K3	cluster_136
LMO3	cluster_136
NFATC4	cluster_136
ZNF813	cluster_136
C3orf33	cluster_136
JSRP1	cluster_136
ABTB1	cluster_136
HSFX2	cluster_136
CORO2B	cluster_136
INO80B	cluster_136
NUDT15	cluster_136
IL10RA	cluster_136
SERPINE3	cluster_136
LRRC10	cluster_136
SMARCAD1	cluster_136
BTG4	cluster_137
BLID	cluster_137
ABCG5	cluster_137
CCDC174	cluster_137
SORBS1	cluster_137
MICAL1	cluster_137
INMT	cluster_137
SOX4	cluster_137
CCDC146	cluster_137
ANAPC4	cluster_137
USP39	cluster_137
KLK12	cluster_137
PRAM1	cluster_137
SIKE1	cluster_137
FSTL1	cluster_137
TMEM67	cluster_137
TRIM40	cluster_137
FAM59A	cluster_137
ACTC1	cluster_137
EVPL	cluster_137
TAAR5	cluster_137
IL1RL2	cluster_137
TCEANC2	cluster_137
MTPN	cluster_139
CLDN2	cluster_139
LZIC	cluster_139
PHPT1	cluster_139
ARMC4	cluster_139
C1GALT1	cluster_139
SLC37A2	cluster_139
NDFIP1	cluster_139
DMRT3	cluster_139
UBXN11	cluster_139
GPR158	cluster_139
KPNA7	cluster_139
CEP57	cluster_139
RAPGEF3	cluster_139
MIOX	cluster_139
EMX2	cluster_139
TXNDC15	cluster_139
CHP1	cluster_139
KIRREL2	cluster_139
GBA2	cluster_139
ZNF207	cluster_139
HOOK2	cluster_139
NAPRT1	cluster_139
CREBL2	cluster_139
ABCA8	cluster_139
CSNK2A2	cluster_139
SERPINE2	cluster_139
MMD2	cluster_139
WDR34	cluster_139
B3GNT1	cluster_143
INTS2	cluster_143
SURF2	cluster_143
CITED2	cluster_143
TMEM60	cluster_143
MICAL2	cluster_143
SYNM	cluster_143
MCHR2	cluster_143
WDR59	cluster_143
APOLD1	cluster_143
KCNMA1	cluster_143
OR52N5	cluster_143
KDELR3	cluster_143
SIGLEC9	cluster_143
KREMEN1	cluster_143
MAPK8IP2	cluster_143
CHRM2	cluster_143
FERMT3	cluster_143
CCDC110	cluster_143
TMTC4	cluster_143
CLEC4F	cluster_143
COQ3	cluster_143
C12orf75	cluster_143
ZBTB16	cluster_145
ATP5J2	cluster_145
RNF145	cluster_145
ANKZF1	cluster_145
UGT1A10	cluster_145
ZNF302	cluster_145
POU5F1B	cluster_145
CMKLR1	cluster_145
PTEN	cluster_145
TBX2	cluster_145
FANCD2	cluster_145
METTL9	cluster_145
NDUFAF7	cluster_145
CEP112	cluster_145
HES6	cluster_145
C1QTNF6	cluster_145
FYTTD1	cluster_145
ZNF841	cluster_145
NIPSNAP1	cluster_145
TSSK3	cluster_145
SHE	cluster_145
SLC2A3	cluster_145
REPS1	cluster_145
DHRS7B	cluster_145
GPR135	cluster_145
ZNF891	cluster_145
NUP62CL	cluster_145
OR52J3	cluster_145
TMPRSS12	cluster_145
PJA1	cluster_146
TNPO3	cluster_146
LYSMD3	cluster_146
ZNF44	cluster_146
GLIPR1	cluster_146
HRH4	cluster_146
LYPD6B	cluster_146
MSGN1	cluster_146
TPRA1	cluster_146
CHD9	cluster_146
PCDHGC3	cluster_146
SLC12A8	cluster_146
MAPK8IP1	cluster_146
YIPF2	cluster_146
TRPC4AP	cluster_146
STX6	cluster_146
PAICS	cluster_146
ZUFSP	cluster_146
IL21R	cluster_146
C11orf63	cluster_146
CLEC14A	cluster_146
SHROOM3	cluster_146
CASP8	cluster_146
DLX3	cluster_146
RBMX	cluster_149
FMO2	cluster_149
BLMH	cluster_149
ZCCHC24	cluster_149
PPIC	cluster_149
NMB	cluster_149
LRRC27	cluster_149
SNRNP200	cluster_149
CCDC150	cluster_149
MTOR	cluster_149
IFITM5	cluster_149
PAH	cluster_149
C6orf89	cluster_149
LIMK1	cluster_149
NMS	cluster_149
ABCA6	cluster_149
MFRP	cluster_149
EIF5A	cluster_149
TM4SF4	cluster_149
ATP6V1G3	cluster_149
SSBP4	cluster_149
SRM	cluster_149
ILF2	cluster_149
ZNF345	cluster_149
KIAA1598	cluster_149
KLF5	cluster_149
ZNF418	cluster_149
GAL3ST1	cluster_149
CDPF1	cluster_154
VWF	cluster_154
COBL	cluster_154
B3GNTL1	cluster_154
PCIF1	cluster_154
NMRK1	cluster_154
DPAGT1	cluster_154
PATZ1	cluster_154
CRYBB3	cluster_154
ANKDD1B	cluster_154
ELAC1	cluster_154
CORO7-PAM16	cluster_154
GSTA1	cluster_154
EIF2AK3	cluster_154
MT1X	cluster_154
KAT2A	cluster_154
GPATCH2	cluster_154
SNRPE	cluster_154
RPF1	cluster_154
FAM82A1	cluster_154
C9orf3	cluster_154
BLOC1S4	cluster_154
PPP2CA	cluster_154
ZNF322	cluster_154
SEMA6B	cluster_154
TAAR1	cluster_154
AMPH	cluster_154
ZNF69	cluster_154
USP42	cluster_176
FAM160A2	cluster_176
BEGAIN	cluster_176
NUDT1	cluster_176
CAT	cluster_176
CLDN14	cluster_176
NR2C1	cluster_176
NHLRC1	cluster_176
CTIF	cluster_176
PTCH2	cluster_176
TMPPE	cluster_176
CRTC2	cluster_176
MIB2	cluster_176
POLRMT	cluster_176
TYW3	cluster_176
SPARC	cluster_176
ATG13	cluster_176
HLA-A	cluster_176
BORA	cluster_176
FOSL1	cluster_176
HIST1H2AC	cluster_176
ABHD14A	cluster_176
ADNP	cluster_176
KIAA0930	cluster_176
PITPNM2	cluster_176
SUN1	cluster_176
CD96	cluster_176
TMED10	cluster_176
MAN1A2	cluster_176
RCC1	cluster_176
POLR1A	cluster_178
LAD1	cluster_178
CCDC50	cluster_178
COLEC11	cluster_178
COX4I2	cluster_178
CREB1	cluster_178
ZNF784	cluster_178
USF2	cluster_178
NOD1	cluster_178
RPS6KA3	cluster_178
MAGEC1	cluster_178
IFNAR2	cluster_178
C15orf38-AP3S2	cluster_178
WDR33	cluster_178
TTC5	cluster_178
OXLD1	cluster_178
CTTNBP2NL	cluster_178
CYP17A1	cluster_178
BMP1	cluster_178
CDK11B	cluster_178
TRIM50	cluster_178
ATP6V1G2	cluster_178
KIAA1147	cluster_178
SLC16A13	cluster_178
ZNF839	cluster_178
SELENBP1	cluster_178
PPFIA4	cluster_178
SLC25A38	cluster_178
RBMY1B	cluster_178
XPO5	cluster_180
OXTR	cluster_180
UGT8	cluster_180
FABP12	cluster_180
SHISA6	cluster_180
APOA2	cluster_180
CELSR2	cluster_180
LOR	cluster_180
FLII	cluster_180
TBXA2R	cluster_180
SLC5A4	cluster_180
ASIC3	cluster_180
SDS	cluster_180
SLC2A14	cluster_180
RANBP3L	cluster_180
P4HTM	cluster_180
B4GALNT4	cluster_180
KDM4E	cluster_180
FAR1	cluster_180
TXNDC9	cluster_180
MAP3K9	cluster_180
KAL1	cluster_180
SETD4	cluster_180
OCM	cluster_180
PDGFD	cluster_180
OR10AG1	cluster_180
SHC2	cluster_180
SNX4	cluster_180
ARHGAP24	cluster_189
PPP1R3D	cluster_189
ERI2	cluster_189
FNBP1	cluster_189
PDLIM7	cluster_189
DNAJB8	cluster_189
ACAP1	cluster_189
DMP1	cluster_189
SLC20A2	cluster_189
AGL	cluster_189
KCNJ16	cluster_189
RNF183	cluster_189
CD44	cluster_189
SRSF7	cluster_189
GNPDA2	cluster_189
CYSTM1	cluster_189
C5AR1	cluster_189
DNAAF1	cluster_189
RIT1	cluster_189
ZNF132	cluster_189
RTCA	cluster_189
PARK2	cluster_189
NOC4L	cluster_189
PNRC2	cluster_189
URB2	cluster_189
HCLS1	cluster_189
PSPH	cluster_189
HERPUD2	cluster_193
PHAX	cluster_193
AQP5	cluster_193
FGF6	cluster_193
SEPT2	cluster_193
CDC20B	cluster_193
ZNF169	cluster_193
C4orf51	cluster_193
RNF128	cluster_193
AMBRA1	cluster_193
TRIM60	cluster_193
TRIO	cluster_193
HTN3	cluster_193
C11orf54	cluster_193
NR1D2	cluster_193
NKX2-5	cluster_193
FIGN	cluster_193
CAPN12	cluster_193
RALY	cluster_193
ZNF281	cluster_193
TEX28P1	cluster_193
SNURF	cluster_193
USP4	cluster_193
SPRR3	cluster_193
GYPC	cluster_193
CD5	cluster_193
PTPN4	cluster_193
GPR1	cluster_193
BZW2	cluster_194
STXBP4	cluster_194
JPH1	cluster_194
RAB40B	cluster_194
KIF14	cluster_194
TRMT10A	cluster_194
UBE2H	cluster_194
C14orf119	cluster_194
MSMO1	cluster_194
HIST1H3J	cluster_194
SH3RF1	cluster_194
F11R	cluster_194
S100A7	cluster_194
APLNR	cluster_194
NPPA	cluster_194
PBX4	cluster_194
AGFG1	cluster_194
ZNF812	cluster_194
OR52B6	cluster_194
NEK5	cluster_194
FCHSD1	cluster_194
PLSCR4	cluster_198
MIR3654	cluster_198
OR1N1	cluster_198
RAPSN	cluster_198
SZT2	cluster_198
TAT	cluster_198
GALNT6	cluster_198
STAT3	cluster_198
AGGF1	cluster_198
KCTD16	cluster_198
OR51F1	cluster_198
TLR7	cluster_198
HCN3	cluster_198
CHM	cluster_198
PIGN	cluster_198
DHX58	cluster_198
BLVRB	cluster_198
ZDHHC21	cluster_198
RIMBP3C	cluster_198
RFX2	cluster_198
BIN2	cluster_198
SPRY1	cluster_198
TCEA2	cluster_198
FAM110C	cluster_198
DUSP5	cluster_198
GPR148	cluster_198
GDPD2	cluster_198
DNHD1	cluster_198
IQCF2	cluster_205
UBE2D1	cluster_205
SSX2	cluster_205
DIRAS2	cluster_205
IFNA1	cluster_205
CLIC2	cluster_205
POTEI	cluster_205
ZNFX1	cluster_205
CDC73	cluster_205
SNPH	cluster_205
POTED	cluster_205
THAP11	cluster_205
UBE3A	cluster_205
IGF2BP3	cluster_205
SCUBE1	cluster_205
MAP3K12	cluster_205
USP22	cluster_205
LRRN4CL	cluster_205
MBLAC1	cluster_205
FAM174A	cluster_205
SULT6B1	cluster_205
SUDS3	cluster_205
FAM188A	cluster_205
DCTN4	cluster_205
NDUFAF2	cluster_205
KLHL4	cluster_205
RAB44	cluster_205
BMP8B	cluster_205
MARCH6	cluster_214
ACSS2	cluster_214
HENMT1	cluster_214
ACOX2	cluster_214
HES7	cluster_214
POLR2A	cluster_214
C11orf48	cluster_214
CLNK	cluster_214
APOC3	cluster_214
LDHAL6A	cluster_214
GPR15	cluster_214
C22orf15	cluster_214
SOS2	cluster_214
MAGEB1	cluster_214
MZT1	cluster_214
NDUFA11	cluster_214
C9orf174	cluster_214
TM2D3	cluster_214
SKAP1	cluster_214
PALB2	cluster_214
MVP	cluster_214
APOE	cluster_214
ZMPSTE24	cluster_214
SPRR2E	cluster_214
LRRC37A3	cluster_214
DDX10	cluster_214
OAT	cluster_214
SLC22A12	cluster_214
ERRFI1	cluster_214
CBLL1	cluster_214
COASY	cluster_214
ZNF681	cluster_214
LEPROTL1	cluster_219
PHKA2	cluster_219
USH1C	cluster_219
TRIM29	cluster_219
IFNA17	cluster_219
GNGT2	cluster_219
STRA6	cluster_219
NRM	cluster_219
PCDHGB2	cluster_219
TPD52L3	cluster_219
KCNQ5	cluster_219
CYHR1	cluster_219
PABPC3	cluster_219
CXXC4	cluster_219
GBP7	cluster_219
P2RX6	cluster_219
IGLL5	cluster_219
CPA2	cluster_219
FER1L6	cluster_219
KDM5C	cluster_219
ANKRD18B	cluster_219
ETV1	cluster_219
TBC1D3F	cluster_219
EFCAB4B	cluster_219
IREB2	cluster_219
METTL16	cluster_219
EOGT	cluster_223
SEMA7A	cluster_223
ATCAY	cluster_223
CLIP4	cluster_223
TBX4	cluster_223
CDK17	cluster_223
TCTE3	cluster_223
DCTN5	cluster_223
PLK5	cluster_223
OR52H1	cluster_223
TXNDC8	cluster_223
C19orf70	cluster_223
TSPAN9	cluster_223
REXO1	cluster_223
DHRS7C	cluster_223
PHF17	cluster_223
CXCL3	cluster_223
OGG1	cluster_223
FADS3	cluster_223
ERCC6	cluster_223
NMRK2	cluster_223
JMJD1C	cluster_223
PRSS12	cluster_223
PEF1	cluster_223
LGALS13	cluster_223
RYR2	cluster_223
IMPA2	cluster_223
TXLNB	cluster_223
UGT1A4	cluster_223
C7orf50	cluster_223
WDR63	cluster_223
CCR3	cluster_225
SEPHS2	cluster_225
BTD	cluster_225
CDH1	cluster_225
NEUROG3	cluster_225
MED14	cluster_225
CLDN24	cluster_225
GADD45GIP1	cluster_225
TMEM33	cluster_225
EPB49	cluster_225
ASAH2	cluster_225
GPR144	cluster_225
TGFBI	cluster_225
CARM1	cluster_225
STARD10	cluster_225
FASN	cluster_225
DSG1	cluster_225
PTER	cluster_225
MTRNR2L2	cluster_226
CEP290	cluster_226
UBXN6	cluster_226
OR6B1	cluster_226
PTPRG	cluster_226
PHF12	cluster_226
HRSP12	cluster_226
MEPE	cluster_226
RGS11	cluster_226
PRDX5	cluster_226
RTKN2	cluster_226
FOXA2	cluster_226
RNF125	cluster_226
SNRPB	cluster_226
GAP43	cluster_226
HPD	cluster_226
OR10H2	cluster_226
PUM2	cluster_226
FLVCR2	cluster_226
BEX1	cluster_226
C2orf68	cluster_226
PYDC1	cluster_226
CRX	cluster_226
TRAPPC6A	cluster_226
STX19	cluster_226
HSPA12A	cluster_226
HERC2	cluster_226
KCTD13	cluster_226
ZNF514	cluster_226
OR3A3	cluster_226
GGN	cluster_227
DTNBP1	cluster_227
PGR	cluster_227
ANKS6	cluster_227
HOXC6	cluster_227
UCP2	cluster_227
LRFN5	cluster_227
THG1L	cluster_227
RBBP7	cluster_227
CD46	cluster_227
SIGLEC10	cluster_227
LCN2	cluster_227
NXN	cluster_227
SGTB	cluster_227
GORASP1	cluster_227
RYR3	cluster_227
CERS5	cluster_227
CACNA1E	cluster_227
NT5DC1	cluster_227
FBXW12	cluster_227
IFNA4	cluster_227
STAT2	cluster_227
CNTRL	cluster_227
ENOSF1	cluster_227
SSNA1	cluster_227
FTSJ1	cluster_227
MEAF6	cluster_230
RND3	cluster_230
PDRG1	cluster_230
BCL11A	cluster_230
COPS6	cluster_230
DLD	cluster_230
VASP	cluster_230
LRP4	cluster_230
LTB	cluster_230
B3GALNT1	cluster_230
TBX20	cluster_230
LRRC37B	cluster_230
AFF2	cluster_230
TAF4	cluster_230
LGALS12	cluster_230
FST	cluster_230
ADAM9	cluster_230
YRDC	cluster_230
RASD1	cluster_230
MSRB2	cluster_230
UBE2E3	cluster_230
ADSS	cluster_230
KCNAB3	cluster_230
ACAN	cluster_230
SRP9	cluster_230
PPP1R3C	cluster_230
MAN2B1	cluster_230
ANP32A	cluster_230
CYR61	cluster_230
IL2RB	cluster_230
PCDHB1	cluster_230
CWH43	cluster_233
GATAD2B	cluster_233
RFPL4B	cluster_233
MBD1	cluster_233
HSP90AA1	cluster_233
LRP3	cluster_233
PLXNC1	cluster_233
HTRA2	cluster_233
LGSN	cluster_233
RUNX1	cluster_233
CREG2	cluster_233
H3F3B	cluster_233
PCNT	cluster_233
GPR116	cluster_233
GRIK3	cluster_233
AKNA	cluster_233
ZNF566	cluster_233
ARHGAP5	cluster_233
ZNF780A	cluster_233
YTHDF1	cluster_233
EFHC1	cluster_233
TCP11L2	cluster_233
TRIM49C	cluster_233
AURKC	cluster_233
NUP88	cluster_233
GOLT1A	cluster_233
KDM2B	cluster_233
ZNF804A	cluster_233
TEKT1	cluster_233
GPR61	cluster_233
PRM2	cluster_233
TACC3	cluster_233
YIPF5	cluster_237
FOXN4	cluster_237
SLC13A3	cluster_237
ETS1	cluster_237
S100A3	cluster_237
CCNF	cluster_237
CCBE1	cluster_237
IFIT5	cluster_237
CERK	cluster_237
DYRK4	cluster_237
FBXL2	cluster_237
MPV17L	cluster_237
REV1	cluster_237
APOBEC1	cluster_237
TMED1	cluster_237
MOB2	cluster_237
ZNF865	cluster_237
RPL23	cluster_237
INSIG2	cluster_237
PRG4	cluster_237
IGF2	cluster_237
NRN1	cluster_237
ARSF	cluster_237
ZNF619	cluster_237
CAPN5	cluster_237
NT5C1B-RDH14	cluster_237
NHP2L1	cluster_237
C1orf123	cluster_237
NPTXR	cluster_237
PCDHGA6	cluster_238
OR10G4	cluster_238
PDE5A	cluster_238
ZNF573	cluster_238
ITGB6	cluster_238
MEP1B	cluster_238
PDCD2L	cluster_238
SLC25A6	cluster_238
GDF15	cluster_238
USP17L24	cluster_238
NCSTN	cluster_238
FOXA1	cluster_238
COL8A2	cluster_238
C1QBP	cluster_238
RPUSD3	cluster_238
ZNF19	cluster_238
ATXN7L3B	cluster_238
FCF1	cluster_238
FCRLB	cluster_238
TMSB4XP4	cluster_238
FBP2	cluster_238
DMRTB1	cluster_238
ZNF730	cluster_238
SLC7A5	cluster_238
PACSIN2	cluster_238
SHFM1	cluster_238
MYC	cluster_238
NGFRAP1	cluster_238
RBMS2	cluster_244
UBP1	cluster_244
ELAVL3	cluster_244
ANXA7	cluster_244
ASB11	cluster_244
CRKL	cluster_244
SSSCA1	cluster_244
ASXL3	cluster_244
LUM	cluster_244
UXS1	cluster_244
OR2L3	cluster_244
SETDB1	cluster_244
IFI30	cluster_244
RRAGD	cluster_244
USP17L12	cluster_244
IDI1	cluster_244
IGFALS	cluster_244
MATN2	cluster_244
MACROD2	cluster_244
MKKS	cluster_244
RBM27	cluster_244
DOK7	cluster_245
SERPINA11	cluster_245
KCNB1	cluster_245
TSG101	cluster_245
TFF3	cluster_245
ATG9A	cluster_245
CTDSPL	cluster_245
CNOT6L	cluster_245
PIGS	cluster_245
VWC2L	cluster_245
SLC26A1	cluster_245
ZNF433	cluster_245
UNC13A	cluster_245
ZC3H7A	cluster_245
SNX33	cluster_245
MRPS35	cluster_245
TCAP	cluster_245
ILKAP	cluster_245
TMEM38A	cluster_245
HINT2	cluster_245
HES1	cluster_245
COBLL1	cluster_245
DHRS12	cluster_245
EXOC7	cluster_245
PRR19	cluster_245
CNOT4	cluster_245
TNN	cluster_245
SRPK2	cluster_245
CST2	cluster_245
SLC39A1	cluster_247
ZC3H18	cluster_247
MRPS16	cluster_247
NUP160	cluster_247
RGS7	cluster_247
ZNF584	cluster_247
PNKD	cluster_247
ARHGEF38	cluster_247
BCAP31	cluster_247
EDNRB	cluster_247
PLK1	cluster_247
FBXL18	cluster_247
SF3B5	cluster_247
CACNB3	cluster_247
IL2RG	cluster_247
SMARCD2	cluster_247
ASNSD1	cluster_247
TRIM62	cluster_247
PFN3	cluster_247
ZNF157	cluster_247
AGPAT1	cluster_247
TAS2R3	cluster_247
ESD	cluster_247
PCDHGC4	cluster_247
CD86	cluster_247
SRP19	cluster_247
CDR2L	cluster_247
ADAM18	cluster_247
EP300	cluster_249
BTG2	cluster_249
CYP2U1	cluster_249
SYT8	cluster_249
PLA2G1B	cluster_249
MAP2K1	cluster_249
MARVELD1	cluster_249
PCYOX1	cluster_249
SLC25A34	cluster_249
ALG11	cluster_249
MGAT4C	cluster_249
ZNF674	cluster_249
ACOT1	cluster_249
EXPH5	cluster_249
ZNF385A	cluster_249
SCAF1	cluster_249
PRMT6	cluster_249
TMEM86B	cluster_249
FZD7	cluster_249
HNRNPD	cluster_249
TMEM150C	cluster_249
GTF3C6	cluster_249
IL2RA	cluster_249
CCDC86	cluster_249
MEST	cluster_249
C19orf52	cluster_249
ZNF705G	cluster_249
SHPK	cluster_249
RAB39B	cluster_249
SLC25A13	cluster_250
GEM	cluster_250
PSMB1	cluster_250
PPP1R3B	cluster_250
RPS6	cluster_250
MAX	cluster_250
C9orf114	cluster_250
PPIL1	cluster_250
GLT8D1	cluster_250
DALRD3	cluster_250
RNASE7	cluster_250
CCDC137	cluster_250
SPTLC1	cluster_250
SPP1	cluster_250
CCDC155	cluster_250
FSCN3	cluster_250
TPGS1	cluster_250
SLC35E4	cluster_250
PDE4B	cluster_250
MPPED1	cluster_250
CATSPER4	cluster_258
PTPRN	cluster_258
USP25	cluster_258
FOXRED2	cluster_258
PTGIR	cluster_258
ATP5C1	cluster_258
OR2M7	cluster_258
SKIL	cluster_258
KIF4A	cluster_258
GPR128	cluster_258
ALPK3	cluster_258
DPYSL4	cluster_258
DBP	cluster_258
CIDEC	cluster_258
GALNT5	cluster_258
YIPF6	cluster_258
CPSF3L	cluster_258
TRDMT1	cluster_258
WDR53	cluster_258
ZNF33B	cluster_258
GOT2	cluster_258
KRT38	cluster_258
TTC26	cluster_258
DNPEP	cluster_260
CERS4	cluster_260
CPS1	cluster_260
UBE2Z	cluster_260
CDH10	cluster_260
C15orf40	cluster_260
JARID2	cluster_260
TOR1AIP1	cluster_260
C9orf64	cluster_260
APLF	cluster_260
CREB5	cluster_260
SAP30	cluster_260
RANBP3	cluster_260
RAB31	cluster_260
OLIG3	cluster_260
NIPSNAP3A	cluster_260
MUC7	cluster_260
ADRA2C	cluster_260
HSPB2-C11orf52	cluster_260
PROK2	cluster_260
FOXC1	cluster_260
QKI	cluster_260
PCDHGB1	cluster_260
PCGF6	cluster_260
MRPL15	cluster_260
EHHADH	cluster_260
OR2T33	cluster_260
LFNG	cluster_260
SCNN1D	cluster_260
CYP11B2	cluster_262
ST6GAL2	cluster_262
ZBTB47	cluster_262
L3MBTL1	cluster_262
DNAI2	cluster_262
C11orf83	cluster_262
CCL23	cluster_262
USO1	cluster_262
CYP2A7	cluster_262
CYP4A22	cluster_262
KIAA0100	cluster_262
WASH4P	cluster_262
DOCK1	cluster_262
PRG2	cluster_262
RGS8	cluster_262
PTBP3	cluster_262
HTR1F	cluster_262
E2F4	cluster_262
DNAJA2	cluster_262
RGS4	cluster_262
KIR3DL2	cluster_262
FEM1B	cluster_262
CLN6	cluster_262
OGFOD1	cluster_262
POC1A	cluster_262
STARD8	cluster_267
SHQ1	cluster_267
IDH3B	cluster_267
CROCC	cluster_267
OR5D16	cluster_267
SOGA1	cluster_267
TG	cluster_267
CTSS	cluster_267
ANKRD10	cluster_267
RASGEF1A	cluster_267
RPS3A	cluster_267
SLC6A9	cluster_267
NDUFS3	cluster_267
CCDC75	cluster_267
SLC12A1	cluster_267
PPWD1	cluster_267
ACCS	cluster_267
TOM1L1	cluster_267
ZNF578	cluster_267
PAPD7	cluster_267
EPS8	cluster_267
HSPA5	cluster_267
MAGEE1	cluster_267
GLUD2	cluster_267
MRPS9	cluster_267
ATP6V1C2	cluster_267
PLEKHG3	cluster_267
ZNF487P	cluster_267
ZDHHC18	cluster_273
SIRT4	cluster_273
MRPL1	cluster_273
APEX2	cluster_273
SEPSECS	cluster_273
GALK2	cluster_273
SLC6A5	cluster_273
RNF187	cluster_273
ZNF577	cluster_273
CHMP2B	cluster_273
RAB3IL1	cluster_273
HNRNPF	cluster_273
MEF2B	cluster_273
REEP3	cluster_273
PDZK1	cluster_273
SPRY2	cluster_273
POU2AF1	cluster_273
PRKCD	cluster_273
MARCKSL1	cluster_273
DNAL1	cluster_273
TMEM237	cluster_273
ZNF471	cluster_276
UBB	cluster_276
CAV1	cluster_276
ETV3L	cluster_276
POMP	cluster_276
BOLA2	cluster_276
C12orf45	cluster_276
MCM10	cluster_276
NSL1	cluster_276
AP2A2	cluster_276
ZNF765	cluster_276
CELF6	cluster_276
TRIM44	cluster_276
PRH1	cluster_276
RPE65	cluster_276
SPRYD3	cluster_276
TMEM27	cluster_276
GRAMD3	cluster_276
NUCB1	cluster_276
HTRA4	cluster_276
C1QTNF5	cluster_276
CDIP1	cluster_276
PARD6A	cluster_276
JPH4	cluster_276
DNASE1L2	cluster_279
HSPA13	cluster_279
MYH7B	cluster_279
WBSCR27	cluster_279
QRICH1	cluster_279
LZTS1	cluster_279
GPX5	cluster_279
RNF138	cluster_279
SRGAP1	cluster_279
MEX3A	cluster_279
BIRC7	cluster_279
KDELC1	cluster_279
SPATA31A3	cluster_279
PEX5L	cluster_279
IRX6	cluster_279
DHRS7	cluster_279
TGS1	cluster_279
RBBP9	cluster_279
SEMA4A	cluster_279
PCDHGB4	cluster_279
ARL13B	cluster_279
MTMR1	cluster_279
PSME3	cluster_279
TBL1XR1	cluster_279
LY75-CD302	cluster_279
CYP2J2	cluster_279
SCN10A	cluster_279
LPIN3	cluster_279
DOT1L	cluster_284
ACTL6A	cluster_284
ADO	cluster_284
MYO1D	cluster_284
SSB	cluster_284
CEP57L1	cluster_284
GPBAR1	cluster_284
SYCE2	cluster_284
TGFBR3	cluster_284
AKR7A2	cluster_284
DIS3L2	cluster_284
WBP4	cluster_284
P2RX3	cluster_284
POC5	cluster_284
RBPJL	cluster_284
C14orf142	cluster_284
FLOT1	cluster_284
SLC35A2	cluster_284
ASAP2	cluster_284
AMIGO2	cluster_284
XPOT	cluster_284
MFSD1	cluster_284
FDPS	cluster_284
POPDC2	cluster_284
SUMO4	cluster_284
NAA40	cluster_284
RAB11B	cluster_284
EPB41L4B	cluster_284
EPPIN-WFDC6	cluster_284
POU3F1	cluster_284
TCERG1L	cluster_284
WDR64	cluster_284
CCT8	cluster_291
TNFRSF18	cluster_291
GNB4	cluster_291
SERPINB7	cluster_291
ANAPC2	cluster_291
IGF1R	cluster_291
SLC25A40	cluster_291
ATP8B3	cluster_291
TPP1	cluster_291
AFF4	cluster_291
LRRC37A	cluster_291
DYRK1B	cluster_291
PLCH2	cluster_291
SULT2A1	cluster_291
PHOX2B	cluster_291
MGAT5B	cluster_291
SLC22A25	cluster_291
L3HYPDH	cluster_298
NR2C2	cluster_298
MAS1	cluster_298
IL17C	cluster_298
XRRA1	cluster_298
C4orf21	cluster_298
MYOC	cluster_298
SREBF1	cluster_298
NAP1L2	cluster_298
DKC1	cluster_298
RAPGEF5	cluster_298
ENTPD5	cluster_298
OR13C5	cluster_298
ALG10	cluster_298
MON1A	cluster_298
AJAP1	cluster_298
PRAMEF6	cluster_298
HINT1	cluster_298
FAM60A	cluster_299
FTSJ3	cluster_299
RNF180	cluster_299
OR2S2	cluster_299
LSP1	cluster_299
SMAD5	cluster_299
CCL22	cluster_299
OR5H15	cluster_299
HELZ2	cluster_299
TAL2	cluster_299
AWAT2	cluster_299
FAM3B	cluster_299
PNCK	cluster_299
KCNJ10	cluster_299
RAB12	cluster_299
EEF1B2	cluster_299
KCNS2	cluster_299
FAM114A2	cluster_299
GM2A	cluster_303
ARL2	cluster_303
CLPTM1	cluster_303
FGF10	cluster_303
FAM5C	cluster_303
FSTL3	cluster_303
MTRNR2L1	cluster_303
MRPS36	cluster_303
EZR	cluster_303
WT1	cluster_303
LMNB1	cluster_303
TRPM5	cluster_303
YIPF4	cluster_303
ID2	cluster_303
CDH24	cluster_303
MFSD6	cluster_303
PANX3	cluster_303
TP53TG3	cluster_303
SUSD2	cluster_303
CDKL4	cluster_303
SCRG1	cluster_303
GGA2	cluster_303
PCDH12	cluster_303
ZNF705D	cluster_303
OR5B3	cluster_303
ANKRD54	cluster_303
USP17L13	cluster_303
SYTL2	cluster_303
NAPSA	cluster_303
PADI3	cluster_307
MSI1	cluster_307
ZMYND8	cluster_307
EFTUD1	cluster_307
VIPAS39	cluster_307
NKX3-2	cluster_307
ALDH6A1	cluster_307
PLCE1	cluster_307
IAPP	cluster_307
MAP7	cluster_307
MAGI1	cluster_307
HSPA1L	cluster_307
HIST1H3G	cluster_307
SMYD3	cluster_307
IL20	cluster_307
TM4SF19	cluster_307
RPF2	cluster_307
C9orf24	cluster_307
DIO2	cluster_307
TSSK4	cluster_307
SF3B2	cluster_307
CEND1	cluster_307
IGSF3	cluster_307
AGA	cluster_307
FNTA	cluster_307
IDS	cluster_307
GPLD1	cluster_307
PACSIN3	cluster_307
ZNF711	cluster_307
CDK19	cluster_307
DCUN1D2	cluster_307
ADCY4	cluster_307
RTTN	cluster_312
TAP2	cluster_312
IL11	cluster_312
HECW1	cluster_312
ASMTL	cluster_312
GRIK1	cluster_312
RASGRP3	cluster_312
IRX5	cluster_312
KPNA2	cluster_312
ITGA8	cluster_312
SREK1IP1	cluster_312
KANK4	cluster_312
METAP1	cluster_312
PLAC9	cluster_312
WDR77	cluster_312
ZNF667	cluster_312
DPH1	cluster_312
WNT4	cluster_312
NXNL1	cluster_312
NAT8L	cluster_312
TMPO	cluster_312
ZBTB11	cluster_312
TCL1B	cluster_312
PKP4	cluster_312
FOXD1	cluster_312
RASGEF1B	cluster_312
APC	cluster_312
VPS26B	cluster_27
VPS26A	cluster_27
ANXA1	cluster_71
ALDH3A2	cluster_81
HINT1	cluster_226
