ESPN	cluster_0
EIF2B1	cluster_0
NTN1	cluster_0
RNF20	cluster_0
UNC5C	cluster_0
RNF40	cluster_0
MYO15A	cluster_0
EIF2B2	cluster_0
USH2A	cluster_1
ADCY6	cluster_1
GPR98	cluster_1
VEZT	cluster_1
HSF2	cluster_2
ADCYAP1	cluster_2
PCGF2	cluster_2
ADCYAP1R1	cluster_2
NPVF	cluster_3
CHMP1A	cluster_3
NPY1R	cluster_3
VPS4B	cluster_3
NPFFR2	cluster_3
HCFC1	cluster_4
USH1C	cluster_4
KLRK1	cluster_4
XRCC2	cluster_4
NTS	cluster_4
ADAMTS1	cluster_4
LDLR	cluster_4
CLDN19	cluster_4
NDUFS3	cluster_4
C9	cluster_4
IL17RB	cluster_4
ELL	cluster_4
ELN	cluster_4
SYMPK	cluster_4
POLR3G	cluster_4
LHX2	cluster_5
SEPT12	cluster_5
PAGE4	cluster_5
SDHB	cluster_5
TXNL4A	cluster_5
SAE1	cluster_5
PHOX2B	cluster_5
GABPB2	cluster_5
EFTUD1	cluster_5
MT-ND6	cluster_5
EAF2	cluster_5
UHRF2	cluster_5
EAF1	cluster_5
IL17B	cluster_5
CLDN18	cluster_5
TRPM1	cluster_5
HCST	cluster_5
MSTN	cluster_5
CD59	cluster_5
PAPOLA	cluster_5
TARBP2	cluster_5
TNFRSF11B	cluster_5
APOB	cluster_5
USHBP1	cluster_5
OXT	cluster_5
TRDMT1	cluster_5
NPY	cluster_5
VIPR1	cluster_5
PEX10	cluster_5
PCSK9	cluster_5
NTSR1	cluster_5
CSTF2	cluster_5
APLN	cluster_5
MYCBP	cluster_5
CHMP1B	cluster_5
STK16	cluster_5
CSTF1	cluster_5
NTSR2	cluster_5
ARSA	cluster_5
EBF1	cluster_5
NPBWR1	cluster_5
NDUFA9	cluster_5
NMUR2	cluster_5
NPBWR2	cluster_5
C8A	cluster_5
EFEMP2	cluster_5
NMUR1	cluster_5
NPFF	cluster_5
STX4	cluster_5
HAVCR1	cluster_5
GABPB1	cluster_5
NPB	cluster_5
CCPG1	cluster_5
IL27	cluster_5
PGLYRP1	cluster_5
NPPC	cluster_5
VPS4A	cluster_5
ZDHHC5	cluster_5
IL17RA	cluster_5
NPW	cluster_5
B0AZM1	cluster_5
QRFPR	cluster_5
UBA2	cluster_5
UTS2	cluster_5
IL25	cluster_5
VCPKMT	cluster_5
PREB	cluster_5
MRTO4	cluster_5
POLR3D	cluster_5
MPP1	cluster_5
NDUFB6	cluster_5
NMU	cluster_5
USH1G	cluster_5
MMP11	cluster_5
MOV10	cluster_5
ETFB	cluster_5
FBLN5	cluster_5
NMS	cluster_5
POLR3C	cluster_5
GYPC	cluster_5
POLR3F	cluster_5
SNRPB2	cluster_5
CLDN16	cluster_5
ULBP2	cluster_5
DCC	cluster_5
PSMA2	cluster_5
NPFFR1	cluster_5
SCT	cluster_5
SLC50A1	cluster_5
XCL1	cluster_5
TCEA1	cluster_5
SRPR	cluster_5
FSTL3	cluster_6
LGI1	cluster_6
HIPK1	cluster_6
NPR2	cluster_6
CXCL16	cluster_6
SRP14	cluster_6
SNRPA1	cluster_6
MIR22HG	cluster_6
TNFSF11	cluster_6
ARL2	cluster_6
HSPA6	cluster_6
MLNR	cluster_6
PQBP1	cluster_6
PEX12	cluster_6
HOXD9	cluster_6
CDKL5	cluster_6
RAD51D	cluster_6
MYO7A	cluster_6
LBX1	cluster_6
GIP	cluster_7
SBDS	cluster_7
SAR1A	cluster_7
SEMA7A	cluster_7
XCR1	cluster_7
Q59FG9	cluster_7
NPSR1	cluster_7
TBCD	cluster_7
LRRC4C	cluster_7
CYFIP1	cluster_7
PLXNC1	cluster_7
SRP54	cluster_7
OXTR	cluster_7
SKOR1	cluster_7
MLN	cluster_7
DICER1	cluster_7
TRIM11	cluster_7
F13B	cluster_7
SENP6	cluster_7
AGO1	cluster_7
UBR5	cluster_7
NPY5R	cluster_7
NPR3	cluster_7
E9KL23	cluster_7
MEIS1	cluster_7
GFRA3	cluster_7
SEPT6	cluster_7
SRP9	cluster_7
NCKAP1	cluster_7
PCDH15	cluster_7
CXCR6	cluster_7
TIMD4	cluster_7
IL17A	cluster_7
PRLH	cluster_7
DHPS	cluster_7
ETFA	cluster_7
DRG1	cluster_7
QRFP	cluster_7
TACR2	cluster_7
RAB7A	cluster_7
PCNP	cluster_7
OSTN	cluster_7
SDHAF2	cluster_7
SCTR	cluster_7
BRD7	cluster_7
UTS2R	cluster_7
TRPV2	cluster_7
ARTN	cluster_7
FLOT2	cluster_7
IL27RA	cluster_7
LDB1	cluster_7
LRP4	cluster_7
CD70	cluster_7
SON	cluster_7
SOD1	cluster_7
EIF5A	cluster_7
NPS	cluster_7
PRLHR	cluster_7
GEMIN6	cluster_7
ZNF521	cluster_7
TAC1	cluster_7
HOOK2	cluster_7
ASPSCR1	cluster_7
GEMIN7	cluster_7
POMP	cluster_7
MLX	cluster_7
ATRN	cluster_7
FYCO1	cluster_7
NYX	cluster_7
F13A1	cluster_7
ADAM22	cluster_7
CNTRL	cluster_7
VAMP2	cluster_7
SDF2L1	cluster_7
GFRA4	cluster_7
RBM15	cluster_7
CD27	cluster_7
MLXIP	cluster_7
APLNR	cluster_7
FIP1L1	cluster_7
PSPN	cluster_7
GIPR	cluster_7
ACP5	cluster_7
ASIP	cluster_7
NPY4R	cluster_7
CCS	cluster_7
DENND4A	cluster_7
REL	cluster_8
KCTD10	cluster_8
ZIC1	cluster_8
STIM1	cluster_8
WRN	cluster_8
HNF1B	cluster_8
LIMD1	cluster_8
RAPGEF5	cluster_8
SLU7	cluster_8
SLC6A4	cluster_8
HIST2H2BD	cluster_8
WASL	cluster_8
SCN3A	cluster_8
PALLD	cluster_8
PIAS1	cluster_8
ACPP	cluster_8
PTGER2	cluster_8
DEF6	cluster_8
SLA	cluster_8
MID1	cluster_8
GDF11	cluster_8
WIPI1	cluster_8
IL2RG	cluster_8
MAP3K11	cluster_8
A0A024R1D6	cluster_8
RASGRF2	cluster_8
RIT1	cluster_8
SMURF2	cluster_8
MLXIPL	cluster_8
MGEA5	cluster_8
PDE4B	cluster_8
GDI1	cluster_8
IGFBP3	cluster_8
RNF41	cluster_8
NFAT5	cluster_8
TAF11	cluster_8
SOCS5	cluster_8
TNFRSF14	cluster_8
MAML2	cluster_8
Q9UME6	cluster_8
MMP24	cluster_9
INPP5D	cluster_9
SFTPA1	cluster_9
FES	cluster_9
GAS6	cluster_9
TRIM29	cluster_9
APBA1	cluster_9
Q53EL4	cluster_9
HELLS	cluster_9
XBP1	cluster_9
TXNIP	cluster_9
EHD1	cluster_9
KLF10	cluster_9
POLK	cluster_9
ETF1	cluster_9
TAOK1	cluster_9
RUNX1	cluster_9
ICAM4	cluster_9
SEPT4	cluster_9
C5	cluster_9
DAXX	cluster_9
CAB39	cluster_9
EZH2	cluster_9
EPHA7	cluster_9
CX3CR1	cluster_9
CALCA	cluster_9
LAMA1	cluster_9
UHMK1	cluster_9
RMI2	cluster_9
ERCC2	cluster_9
FZD1	cluster_9
NFYC	cluster_9
PRKG2	cluster_9
HSPA8	cluster_9
ITGA2B	cluster_9
SYNGAP1	cluster_9
CDC25B	cluster_9
GAS2	cluster_9
ACVR1	cluster_9
TIA1	cluster_9
PSMA7	cluster_9
CR1	cluster_9
CCNL2	cluster_9
RND1	cluster_9
TP53BP2	cluster_9
CD55	cluster_9
NFE2	cluster_9
TBC1D10A	cluster_9
TFAP2A	cluster_9
MAP3K6	cluster_9
SEPT3	cluster_9
GPR37L1	cluster_9
SNAPIN	cluster_9
ATXN10	cluster_9
RIMS1	cluster_9
CRYBA2	cluster_9
B3KMX0	cluster_9
COX4I2	cluster_9
PACSIN2	cluster_9
RNF4	cluster_9
ERBB4	cluster_9
NEU1	cluster_9
POU4F2	cluster_9
MPL	cluster_9
SUMO2	cluster_9
LIMK1	cluster_9
FSHB	cluster_9
PRKCH	cluster_9
PVRL2	cluster_9
SPIB	cluster_9
FBXO32	cluster_9
CPLX1	cluster_9
LGI3	cluster_9
REV3L	cluster_9
KCNA4	cluster_9
MCF2	cluster_10
CAMK2D	cluster_10
HDAC9	cluster_10
ACTR3	cluster_10
VRK2	cluster_10
NEFH	cluster_10
HOXA1	cluster_10
PDGFC	cluster_10
PPP3CA	cluster_10
PREX2	cluster_10
USP22	cluster_10
HDAC1	cluster_10
SPTAN1	cluster_10
ITGB1BP2	cluster_10
PAX3	cluster_10
DEPTOR	cluster_10
MCL1	cluster_10
SRC	cluster_10
CTDSP2	cluster_10
ABCB1	cluster_10
MEF2A	cluster_10
WNT5A	cluster_10
GRID2	cluster_10
PGF	cluster_10
TAX1BP1	cluster_10
AHSG	cluster_10
GTSE1	cluster_10
AGO2	cluster_10
GAB1	cluster_10
KLF6	cluster_10
CGB5	cluster_10
OPTN	cluster_10
BCL2L2	cluster_10
PRKCB	cluster_10
EIF3A	cluster_10
MAP3K1	cluster_10
TDP2	cluster_10
RPA3	cluster_10
ZDHHC9	cluster_10
EED	cluster_10
TICRR	cluster_10
HRH1	cluster_10
DAP	cluster_10
NFATC1	cluster_10
S100B	cluster_10
EPHA6	cluster_10
PRMT5	cluster_10
WNT5B	cluster_10
TUBA8	cluster_10
DKK1	cluster_10
CCNT1	cluster_10
SAA1	cluster_10
SEMA3F	cluster_10
KDM6B	cluster_10
V9HWD6	cluster_10
DNER	cluster_11
PHACTR3	cluster_11
POLL	cluster_11
B3KXA2	cluster_11
PNPLA8	cluster_11
MYLK	cluster_11
ACVR2A	cluster_11
UNC93B1	cluster_11
DAK	cluster_11
MARCH7	cluster_11
GTF2E2	cluster_11
XPO1	cluster_11
HIST1H2BH	cluster_11
PSMD6	cluster_11
Q7Z322	cluster_11
PITPNA	cluster_11
STIP1	cluster_11
SPTBN1	cluster_11
EDC3	cluster_11
XRCC1	cluster_11
CDK2AP1	cluster_11
PAG1	cluster_11
C5AR2	cluster_11
V9HWI5	cluster_11
CDK9	cluster_11
SNX18	cluster_11
DAAM1	cluster_11
CDCA7	cluster_11
RAB4A	cluster_11
CETN3	cluster_11
HSPA9	cluster_11
ACTR3B	cluster_11
IL22	cluster_11
NUP88	cluster_11
TLE1	cluster_11
KATNA1	cluster_11
PRKAR1A	cluster_11
NONO	cluster_11
IL37	cluster_11
EPS15L1	cluster_11
CDK20	cluster_11
ARHGAP22	cluster_11
LIMS1	cluster_11
UBQLN1	cluster_11
SLC2A1	cluster_11
NDUFV2	cluster_11
ISL1	cluster_11
GNA15	cluster_11
OTX1	cluster_11
HNRNPA1	cluster_11
DLG1	cluster_11
L1CAM	cluster_11
Q53FE8	cluster_11
PDHA2	cluster_11
PSMC2	cluster_11
METTL1	cluster_11
CRTC1	cluster_11
ABCC2	cluster_11
APP	cluster_11
CASC5	cluster_11
PDHB	cluster_11
MMP15	cluster_11
EGFR	cluster_11
FADD	cluster_12
BATF	cluster_12
ARFGAP1	cluster_12
CIR1	cluster_12
P2RY1	cluster_12
ICMT	cluster_12
MYC	cluster_12
DLG3	cluster_12
IL11	cluster_12
ARF6	cluster_12
KCNJ3	cluster_12
WASF1	cluster_13
PROS1	cluster_13
F2RL3	cluster_13
GSK3A	cluster_13
PECAM1	cluster_13
PRKG1	cluster_13
CSNK1G2	cluster_13
SLC6A12	cluster_13
IFNAR2	cluster_13
CBLL1	cluster_13
SH2B3	cluster_13
CD6	cluster_13
ABCC1	cluster_13
IL32	cluster_13
TNS3	cluster_13
GOLGA2	cluster_13
IL22RA1	cluster_13
NSFL1C	cluster_13
BMP7	cluster_13
CAPRIN2	cluster_13
DUSP22	cluster_13
RGS19	cluster_13
BRF1	cluster_13
NELFCD	cluster_13
EMD	cluster_13
CD4	cluster_13
PDXP	cluster_14
FXR1	cluster_14
XK	cluster_14
Q96FS5	cluster_14
Q53HG7	cluster_14
CCP110	cluster_14
LTBR	cluster_14
AK1	cluster_14
GNAT1	cluster_14
ANP32B	cluster_14
SMARCD3	cluster_14
SIGLEC7	cluster_14
ASCC3	cluster_14
CBR3	cluster_14
CABIN1	cluster_14
UBE2N	cluster_14
EEF1A1	cluster_14
KPNA2	cluster_14
CSNK2B	cluster_14
DNMT1	cluster_14
NCL	cluster_14
SEMA3C	cluster_14
HRH4	cluster_14
SMYD2	cluster_14
DOT1L	cluster_14
CHRNA1	cluster_14
IRF2BP2	cluster_14
YBX1	cluster_15
PIK3R4	cluster_15
WNK4	cluster_15
MLH3	cluster_15
AFAP1	cluster_15
BMP2	cluster_15
EIF4EBP3	cluster_15
PIP5K1C	cluster_15
PMCH	cluster_15
EPHA1	cluster_15
CTSV	cluster_15
HOXC8	cluster_15
VEGFB	cluster_15
TUBG1	cluster_15
SLC47A1	cluster_15
TSLP	cluster_15
GBF1	cluster_15
RAF1	cluster_15
PBRM1	cluster_15
HSPG2	cluster_15
ATG7	cluster_15
PROK2	cluster_15
MYBL2	cluster_15
IGF1R	cluster_15
FHOD3	cluster_15
NR4A3	cluster_15
POP1	cluster_15
PSMA4	cluster_15
GNB2	cluster_15
EFHD2	cluster_15
IL26	cluster_15
TRAF5	cluster_15
IFITM3	cluster_15
KIF1C	cluster_15
ARHGEF1	cluster_15
LTK	cluster_15
YY1	cluster_15
BICD1	cluster_15
TRPV3	cluster_15
USP37	cluster_15
ULK2	cluster_15
GTF2E1	cluster_15
CSF2	cluster_15
CNKSR2	cluster_15
NDC80	cluster_15
HK1	cluster_15
IKBKE	cluster_15
V9HWA5	cluster_15
MBTPS2	cluster_15
ZFYVE9	cluster_15
JAG2	cluster_15
PHLPP1	cluster_15
TRPV1	cluster_15
USP16	cluster_15
B3KP83	cluster_15
NRGN	cluster_15
CTSB	cluster_15
BTG1	cluster_15
SKAP1	cluster_15
FOXC1	cluster_15
NPY2R	cluster_15
STAT2	cluster_15
GFRA2	cluster_15
CRB1	cluster_15
SNX4	cluster_15
CCL5	cluster_15
CGA	cluster_15
APC	cluster_15
PPP2R5A	cluster_15
GBGT1	cluster_15
MAPK8IP1	cluster_15
TRAF7	cluster_15
TLR6	cluster_15
ADAM17	cluster_15
RGS3	cluster_15
ROCK1	cluster_15
NBN	cluster_15
EDN2	cluster_15
TLR5	cluster_15
MKL1	cluster_15
AREGB	cluster_15
TLE2	cluster_15
PI4K2A	cluster_15
XRCC5	cluster_15
PNPT1	cluster_15
FTH1	cluster_15
ACLY	cluster_15
STX3	cluster_15
A8K171	cluster_15
SCG2	cluster_15
ACPT	cluster_15
PTPN12	cluster_15
NMI	cluster_16
NR1I2	cluster_16
SIRT2	cluster_16
DSG2	cluster_16
REC8	cluster_16
FOXO6	cluster_16
HIST1H2BM	cluster_16
RTKN	cluster_16
PDE4D	cluster_16
PLAGL2	cluster_16
Q59FG2	cluster_16
GGCX	cluster_16
ADRA2A	cluster_16
WNT8B	cluster_16
ABL1	cluster_16
CIT	cluster_17
Q4LE43	cluster_17
CD164	cluster_17
CSN1S1	cluster_17
LTA4H	cluster_17
VTN	cluster_17
FEZ2	cluster_17
SLC4A3	cluster_17
SMPD1	cluster_17
PSME1	cluster_17
PTP4A3	cluster_17
GNB3	cluster_17
COL3A1	cluster_17
CTGF	cluster_17
RASSF5	cluster_17
TIMP3	cluster_17
RORB	cluster_17
JAG1	cluster_17
PIM3	cluster_17
NEUROD1	cluster_17
STK26	cluster_17
ANAPC2	cluster_17
CHIA	cluster_17
RBM12B	cluster_17
ID2	cluster_17
LTB	cluster_17
TRIM56	cluster_17
AAMP	cluster_18
ALYREF	cluster_18
TUT1	cluster_18
RNF146	cluster_18
EDARADD	cluster_18
NLRC4	cluster_18
GABARAPL3	cluster_18
ISG15	cluster_18
SSRP1	cluster_18
SYN3	cluster_18
CDKN3	cluster_18
HNF4A	cluster_18
GJC1	cluster_18
DHX36	cluster_18
MMP3	cluster_18
AIRE	cluster_18
NET1	cluster_18
REPS1	cluster_18
F2	cluster_18
TSHB	cluster_18
CEBPG	cluster_18
BACE2	cluster_18
PRKCG	cluster_18
F3	cluster_18
ARHGEF7	cluster_18
ZAK	cluster_18
DAPP1	cluster_18
RXFP3	cluster_18
GLP2R	cluster_18
PXN	cluster_18
SLC4A1	cluster_18
HDAC7	cluster_18
TCAP	cluster_18
FAN1	cluster_18
COPS6	cluster_18
SEC16A	cluster_18
GRAP2	cluster_18
CBS	cluster_18
HLA-B	cluster_18
UBE2T	cluster_18
GRAP	cluster_18
TNFRSF6B	cluster_18
HCK	cluster_18
PTPN5	cluster_18
AHSA1	cluster_18
IKBKG	cluster_18
STRA13	cluster_18
PPM1A	cluster_18
ICAM3	cluster_18
SHC2	cluster_18
RAC2	cluster_18
DYRK1A	cluster_18
LNX1	cluster_18
B0AZM9	cluster_18
CD300LF	cluster_18
ASGR2	cluster_18
SH2D2A	cluster_18
IRF4	cluster_18
SNCA	cluster_18
ATG10	cluster_18
VRK1	cluster_18
EPHA8	cluster_18
TSNAX	cluster_18
TRIM25	cluster_18
MAP3K9	cluster_18
ERAP1	cluster_18
WBP2	cluster_18
MYOM2	cluster_18
MAP4	cluster_18
CLTB	cluster_18
PTK2	cluster_18
CRHR1	cluster_18
CTF1	cluster_18
ERRFI1	cluster_18
TUBB3	cluster_18
HIST3H3	cluster_18
STRADA	cluster_18
MAT1A	cluster_18
DLC1	cluster_18
LAX1	cluster_18
PPP1R1B	cluster_18
RPS6KA5	cluster_18
CRYGB	cluster_18
ENO1	cluster_18
RHEB	cluster_18
PKD1	cluster_18
CDC23	cluster_18
IFNW1	cluster_18
SIGLEC6	cluster_18
ARFGEF2	cluster_18
PADI4	cluster_18
SCN2A	cluster_18
KIFAP3	cluster_18
HMGB2	cluster_18
CASP9	cluster_18
CHAF1B	cluster_18
ALPP	cluster_18
ELP3	cluster_18
ENOX2	cluster_18
AMOTL2	cluster_18
EIF3G	cluster_19
CSDC2	cluster_19
HIF1A	cluster_19
FGF5	cluster_19
KISS1	cluster_19
FREM1	cluster_19
MDC1	cluster_19
HIST2H2AC	cluster_19
RBSN	cluster_19
PIM1	cluster_19
PRKCZ	cluster_19
ROR1	cluster_19
MAFA	cluster_19
HCN4	cluster_19
SERPINA5	cluster_19
SORBS2	cluster_19
GLIS2	cluster_19
IRF7	cluster_19
BBC3	cluster_19
TFAM	cluster_19
LIN7A	cluster_19
CETN2	cluster_19
IFNB1	cluster_19
RALGDS	cluster_19
GCG	cluster_19
LAMB3	cluster_19
TRAF6	cluster_19
CTDP1	cluster_19
CKAP4	cluster_19
BHLHE41	cluster_19
FLII	cluster_19
SIX1	cluster_19
CDO1	cluster_19
MYOCD	cluster_19
AGRP	cluster_19
PHB	cluster_19
PIP5K1A	cluster_19
PJA2	cluster_19
HTATIP2	cluster_20
IL12B	cluster_20
EIF1AX	cluster_20
HMGB1	cluster_20
SLC22A8	cluster_20
PIK3C2A	cluster_20
TBKBP1	cluster_20
CAV1	cluster_20
EEF1B2	cluster_20
PBX3	cluster_20
MCF2L	cluster_20
ZFP36	cluster_20
RNF7	cluster_20
CACNB2	cluster_20
MYH9	cluster_20
RAD1	cluster_20
NUMB	cluster_20
AFP	cluster_20
PBX1	cluster_20
ZNF239	cluster_20
SDCCAG8	cluster_20
SNW1	cluster_20
CBFB	cluster_20
DAP3	cluster_20
GALC	cluster_20
UBE2O	cluster_20
FKBP8	cluster_20
CCNC	cluster_20
NR3C2	cluster_20
MYH2	cluster_20
KAT6B	cluster_20
OXSR1	cluster_20
EPAS1	cluster_20
NME3	cluster_20
PSMA6	cluster_20
RSF1	cluster_20
LILRB4	cluster_20
PSIP1	cluster_20
DISP2	cluster_20
GIPC1	cluster_20
NFKB2	cluster_20
GDF15	cluster_20
RABAC1	cluster_20
TRIM32	cluster_20
GATA2	cluster_20
RBM14	cluster_20
JUNB	cluster_20
POPDC3	cluster_20
PTGER1	cluster_20
ATRX	cluster_20
ATXN2	cluster_20
NDFIP1	cluster_20
FOXO4	cluster_20
KMT2B	cluster_20
NR2F1	cluster_20
PKN1	cluster_20
GLRX3	cluster_20
CCNT2	cluster_20
PHF1	cluster_20
MFN1	cluster_20
CDK16	cluster_20
PLN	cluster_20
CXCL2	cluster_20
TLR3	cluster_20
CSNK1D	cluster_20
NREP	cluster_20
CYBB	cluster_20
MAD2L1	cluster_20
SLC26A3	cluster_20
CXCL8	cluster_20
SPTB	cluster_20
PPM1J	cluster_20
GNGT1	cluster_20
PIAS3	cluster_20
POLR2A	cluster_20
CD19	cluster_20
MEF2D	cluster_20
TRIB3	cluster_20
PRSS21	cluster_20
OGT	cluster_20
GTF2A1	cluster_20
PTPRT	cluster_20
KLRC1	cluster_20
SHH	cluster_20
KLRC2	cluster_20
LAMA4	cluster_20
ISL2	cluster_20
PRTN3	cluster_20
PHF20	cluster_20
FEZ1	cluster_20
SNTG1	cluster_20
OSM	cluster_20
ALK	cluster_20
MADD	cluster_21
EIF4E	cluster_21
APH1A	cluster_21
UVRAG	cluster_21
CD163	cluster_21
CACNA1I	cluster_21
HDAC4	cluster_21
NOXA1	cluster_21
PSENEN	cluster_21
ITGA7	cluster_21
KIT	cluster_21
TLR7	cluster_21
BTC	cluster_21
EIF2B4	cluster_21
CORT	cluster_21
A8K341	cluster_21
NFASC	cluster_21
SETD8	cluster_21
PLEK	cluster_21
Q86T74	cluster_21
GEMIN4	cluster_21
LCK	cluster_21
AOC1	cluster_21
NCKIPSD	cluster_21
ARID4A	cluster_21
FZD2	cluster_21
HSP90AA1	cluster_21
RB1CC1	cluster_21
LMO2	cluster_21
MEX3A	cluster_21
PSME3	cluster_21
HIPK4	cluster_21
MOB1B	cluster_21
SHROOM3	cluster_21
BSPRY	cluster_21
ZNF692	cluster_21
ARHGDIB	cluster_21
GTF2F2	cluster_21
ROR2	cluster_21
FBLN2	cluster_21
CAD	cluster_21
EMSY	cluster_21
FOS	cluster_21
TGFA	cluster_21
AP4B1	cluster_21
TBC1D25	cluster_21
NDFIP2	cluster_21
NDUFAF1	cluster_21
FLNB	cluster_21
SLC3A2	cluster_21
EIF4E2	cluster_21
EXTL1	cluster_21
MYO6	cluster_21
CRH	cluster_21
ATAD3B	cluster_21
GALR3	cluster_21
EDF1	cluster_21
SDC2	cluster_21
HSPA14	cluster_21
FGF4	cluster_21
POT1	cluster_21
FGF23	cluster_21
NRCAM	cluster_21
CSNK1G1	cluster_21
CD274	cluster_21
GTF2H4	cluster_21
TPH2	cluster_21
TCL1A	cluster_21
BMPR1B	cluster_21
CDH1	cluster_21
TNFRSF10A	cluster_21
NOTCH2	cluster_21
PPP1R12B	cluster_21
CRYBA4	cluster_21
CROCC	cluster_21
WNT6	cluster_21
USP20	cluster_21
BAD	cluster_21
SP100	cluster_21
NGF	cluster_21
TBX3	cluster_21
SNF8	cluster_21
SFRP1	cluster_21
HSF4	cluster_21
ANKHD1	cluster_21
TFEB	cluster_21
NRXN1	cluster_21
BARHL1	cluster_21
DIABLO	cluster_21
C3AR1	cluster_21
MAP7	cluster_21
STC2	cluster_21
GABARAP	cluster_21
B3KPF0	cluster_21
NFE2L2	cluster_21
POU2F1	cluster_21
DCLRE1A	cluster_21
LATS2	cluster_21
PRRX1	cluster_21
UBASH3B	cluster_22
NOLC1	cluster_22
PITX1	cluster_22
ITK	cluster_22
GYS1	cluster_22
TREM1	cluster_22
ASAP1	cluster_22
SP2	cluster_22
ADCY5	cluster_22
POU5F1	cluster_22
PAWR	cluster_22
SUPT5H	cluster_22
HGS	cluster_22
FHL2	cluster_22
IKZF1	cluster_22
TNFRSF8	cluster_22
UBL5	cluster_22
SNPH	cluster_22
PDCD1LG2	cluster_22
ACTA2	cluster_22
CDK5R1	cluster_22
TUBA1C	cluster_22
IFIT1	cluster_22
TRAF3	cluster_22
UBR1	cluster_22
IL2RB	cluster_22
DDIT3	cluster_22
FBXO43	cluster_22
SOX2	cluster_22
ELOVL1	cluster_22
DUOX2	cluster_22
CIC	cluster_22
GNAI1	cluster_22
CDC27	cluster_22
ARFIP1	cluster_22
USP14	cluster_22
SERPINF1	cluster_22
SLC2A4	cluster_22
ICOS	cluster_23
NLRP10	cluster_23
TPR	cluster_23
TCEAL1	cluster_23
GP1BA	cluster_23
PTPRK	cluster_23
B3KWN9	cluster_23
ST8SIA4	cluster_23
PLXNB3	cluster_23
NR2F6	cluster_23
IKZF3	cluster_23
LAIR1	cluster_23
CENPF	cluster_23
V9HW43	cluster_23
SIVA1	cluster_23
RCHY1	cluster_23
CCDC88A	cluster_23
IL23A	cluster_23
Q66SS1	cluster_23
NFE2L1	cluster_23
TJP1	cluster_23
ICAM1	cluster_23
SCAMP1	cluster_23
KCNN4	cluster_23
PDE1B	cluster_23
EEF1A2	cluster_23
NMNAT1	cluster_23
SRXN1	cluster_23
DNTTIP2	cluster_23
FHL5	cluster_23
EDNRA	cluster_23
CLTCL1	cluster_23
ATRIP	cluster_23
MITF	cluster_23
ITGA5	cluster_23
GRIK1	cluster_23
KCND3	cluster_23
MAP2K2	cluster_23
FOXM1	cluster_23
TGFB1I1	cluster_23
KIFC1	cluster_23
HSP90B1	cluster_23
MAF1	cluster_23
LBR	cluster_23
RSPO2	cluster_23
HSPA4	cluster_23
RAE1	cluster_23
CALCOCO2	cluster_23
THBS1	cluster_23
GFI1	cluster_23
SESN1	cluster_23
CAPZB	cluster_23
RALB	cluster_23
HIST1H2BO	cluster_23
NMB	cluster_23
BMP15	cluster_23
RITA1	cluster_23
Q4LE70	cluster_23
ORC4	cluster_23
C1D	cluster_23
SLC2A2	cluster_23
SERPINF2	cluster_23
GTPBP2	cluster_24
PPP1R10	cluster_24
MMP7	cluster_24
IREB2	cluster_24
GEMIN2	cluster_24
HOXB6	cluster_24
TMED7	cluster_24
POU2F2	cluster_24
RLN2	cluster_24
RAPGEF2	cluster_24
LIPC	cluster_24
CSF1	cluster_24
EPHB2	cluster_24
HLA-DRA	cluster_24
TACC1	cluster_24
SCAMP3	cluster_24
PTP4A1	cluster_24
CD80	cluster_24
PYGL	cluster_24
ADCY7	cluster_24
EPGN	cluster_24
PTPN1	cluster_24
TECPR1	cluster_24
ERBB2IP	cluster_24
KRT20	cluster_24
HUS1	cluster_24
PKM	cluster_24
LIG1	cluster_24
MAPK15	cluster_24
RPL5	cluster_24
TNFSF15	cluster_24
EIF4B	cluster_24
MYOD1	cluster_24
HNRNPA2B1	cluster_24
PMAIP1	cluster_24
VDR	cluster_24
KDM5A	cluster_24
TNFAIP3	cluster_24
A8K270	cluster_24
TLR9	cluster_24
CCL26	cluster_24
SENP1	cluster_24
HIST1H2BB	cluster_24
PAFAH1B1	cluster_24
GCNT1	cluster_24
CBLB	cluster_24
RIOK2	cluster_24
ITPR1	cluster_24
DGKD	cluster_24
ENTPD1	cluster_24
UBE2I	cluster_24
MED1	cluster_24
JDP2	cluster_24
PSMD2	cluster_24
ADIPOQ	cluster_24
WNT10A	cluster_24
RABGEF1	cluster_24
NSUN2	cluster_24
CYP17A1	cluster_24
ALDH1A1	cluster_24
CD8A	cluster_24
AGAP2	cluster_24
TERF2	cluster_24
SHPRH	cluster_24
BCL2A1	cluster_24
HDAC6	cluster_24
MAGI1	cluster_24
BIRC2	cluster_24
RING1	cluster_24
MAP3K2	cluster_24
NEK1	cluster_24
PARN	cluster_24
CDKN2C	cluster_24
NLRC5	cluster_24
AQP2	cluster_24
CD247	cluster_24
DBF4	cluster_24
PVRL3	cluster_24
SS18L1	cluster_24
HMGN1	cluster_24
TNFRSF1A	cluster_24
IBTK	cluster_24
PRR5	cluster_25
PAX9	cluster_25
COMMD1	cluster_25
DBF4B	cluster_25
FRAT2	cluster_25
DLAT	cluster_25
GRIA2	cluster_25
CABP2	cluster_25
PI4KB	cluster_25
ZDHHC2	cluster_25
CRMP1	cluster_25
RNF135	cluster_25
CLASP2	cluster_25
PDCD6IP	cluster_25
CD79A	cluster_25
PTPRD	cluster_25
SLIT2	cluster_25
B2RBL9	cluster_25
CUL5	cluster_25
CCT2	cluster_25
CAPNS1	cluster_25
CTDSP1	cluster_25
NTRK1	cluster_25
TBCB	cluster_25
ASIC1	cluster_25
MAP4K2	cluster_25
PTPN6	cluster_25
GRK7	cluster_25
NCBP1	cluster_25
Q15607	cluster_25
IL23R	cluster_25
SOCS1	cluster_25
NXPH1	cluster_25
Q9H6U9	cluster_25
MASP2	cluster_25
ANXA1	cluster_25
DOK4	cluster_25
CCDC80	cluster_25
AMFR	cluster_25
AKAP11	cluster_25
BANP	cluster_25
TAP1	cluster_25
ZFAND5	cluster_25
CSF2RA	cluster_25
IL31	cluster_26
MAP2K1	cluster_26
TLK1	cluster_26
DEDD2	cluster_26
POU4F1	cluster_26
SKP1	cluster_26
PENK	cluster_26
RPS6	cluster_26
LEPR	cluster_26
B2R8B5	cluster_26
WNT8A	cluster_26
MUC1	cluster_26
PPA1	cluster_26
TPT1	cluster_26
PMS1	cluster_26
HMGA1	cluster_26
IFNA5	cluster_26
GRK5	cluster_26
KAT2B	cluster_26
LIG3	cluster_26
KLHL11	cluster_26
CRYAB	cluster_27
DUSP19	cluster_27
POLM	cluster_27
TBP	cluster_27
NCOR1	cluster_27
SHANK2	cluster_27
ERCC1	cluster_27
KIAA0226	cluster_27
RELB	cluster_27
POLR1B	cluster_27
FCGR2A	cluster_27
IRF1	cluster_27
SMAD4	cluster_27
DSG3	cluster_27
WNT9B	cluster_27
PCYT1A	cluster_27
CFTR	cluster_27
PPP4C	cluster_27
EHMT1	cluster_27
PIK3R3	cluster_27
TNS2	cluster_27
BMF	cluster_27
RPS6KA1	cluster_27
CXCL10	cluster_27
SOX3	cluster_27
ACTN4	cluster_27
ABCC8	cluster_27
MAP2	cluster_27
DMC1	cluster_27
SFI1	cluster_28
ARNT2	cluster_28
Q59GJ0	cluster_28
PSAP	cluster_28
IL2	cluster_28
TFRC	cluster_28
TOPBP1	cluster_28
SREBF2	cluster_28
FIGF	cluster_28
IL5RA	cluster_28
RLN3	cluster_28
USP10	cluster_28
CAMKK1	cluster_28
RBM4	cluster_28
MCM3AP	cluster_28
USO1	cluster_28
KLF4	cluster_28
MCHR1	cluster_28
MECOM	cluster_28
FOXA1	cluster_28
EFNA1	cluster_28
ABI1	cluster_28
MED6	cluster_28
EPX	cluster_28
ARHGEF12	cluster_28
SH3BP5	cluster_28
APLP2	cluster_28
RPS19BP1	cluster_28
CDX2	cluster_28
CREB3	cluster_28
YAP1	cluster_28
EGR4	cluster_28
Q53SB5	cluster_28
PIGR	cluster_28
TUBD1	cluster_28
TNFSF4	cluster_28
LPIN1	cluster_28
ANAPC10	cluster_28
KDELR1	cluster_28
PCNA	cluster_28
AIM2	cluster_28
RYBP	cluster_28
ADAMTS5	cluster_28
GPSM1	cluster_28
THRAP3	cluster_28
HRAS	cluster_28
EIF3I	cluster_28
SLC6A2	cluster_28
PNKP	cluster_28
LILRB1	cluster_28
FGA	cluster_28
CDK3	cluster_28
KDM5B	cluster_28
ARPC1B	cluster_28
PRR5L	cluster_28
TK1	cluster_28
PDE4DIP	cluster_28
POLH	cluster_28
STXBP6	cluster_28
AATF	cluster_28
NMT1	cluster_28
TNFRSF11A	cluster_28
ATG9A	cluster_28
SIRT7	cluster_28
TCEB2	cluster_28
CXCR2	cluster_28
CCNA2	cluster_28
TRIM28	cluster_28
JAK3	cluster_28
POU4F3	cluster_28
POLA1	cluster_28
AIFM1	cluster_28
PTMA	cluster_28
CSF3R	cluster_28
HIRA	cluster_28
FYN	cluster_28
CASR	cluster_28
MAPK3	cluster_28
TELO2	cluster_28
KCNE3	cluster_28
MAPKAPK5	cluster_29
RECQL4	cluster_29
SIGIRR	cluster_29
SFTPA2	cluster_29
C6	cluster_29
PTH2	cluster_29
EIF3F	cluster_29
CENPQ	cluster_29
HMX3	cluster_29
KIF2C	cluster_29
PLEKHO1	cluster_29
HJURP	cluster_29
APTX	cluster_29
EDN3	cluster_29
KL	cluster_29
SLC9A1	cluster_29
RAB24	cluster_29
RRM2B	cluster_29
TIFA	cluster_29
PPARA	cluster_29
SPTLC1	cluster_29
RAD17	cluster_29
TP53RK	cluster_29
KRT10	cluster_29
EP400	cluster_29
RB1	cluster_29
KRT6C	cluster_29
PELI1	cluster_29
CDC6	cluster_30
MERTK	cluster_30
CCNB2	cluster_30
TCF4	cluster_30
MAP9	cluster_30
PEBP1	cluster_30
PARVA	cluster_30
POLR2L	cluster_30
NOX1	cluster_30
S100A10	cluster_30
LGR5	cluster_30
APIP	cluster_30
IRAK4	cluster_30
BAIAP2	cluster_30
MTA2	cluster_30
MYSM1	cluster_30
TLR10	cluster_30
BRAF	cluster_30
SAV1	cluster_30
PPP2R2A	cluster_30
CCKBR	cluster_30
COL1A2	cluster_30
GRM7	cluster_30
PRNP	cluster_30
OMG	cluster_30
KCNJ11	cluster_30
TNK2	cluster_30
FGF2	cluster_30
IL6ST	cluster_30
A0A024R8X1	cluster_30
FGF10	cluster_30
TFDP1	cluster_30
KRT31	cluster_30
NPAS2	cluster_30
LATS1	cluster_30
GJB2	cluster_30
MAP1LC3B	cluster_30
CDX1	cluster_30
RET	cluster_30
CALCB	cluster_30
TP53	cluster_30
SELL	cluster_30
SIAH1	cluster_30
PTK6	cluster_30
RBM38	cluster_30
TCL1B	cluster_30
CCND2	cluster_30
REN	cluster_30
CREM	cluster_30
RIT2	cluster_30
EEF1E1	cluster_30
PTPRC	cluster_30
TACC3	cluster_30
IGFBP4	cluster_30
TYK2	cluster_30
RBM17	cluster_30
GZMA	cluster_30
FUS	cluster_30
NR1H2	cluster_30
Q9UFY1	cluster_30
AMHR2	cluster_30
KPNA6	cluster_30
HABP4	cluster_30
ASF1A	cluster_30
GABPA	cluster_30
NFYA	cluster_30
MEF2C	cluster_30
LIN9	cluster_30
A0A024R693	cluster_30
DNAJB1	cluster_30
IFT57	cluster_30
MMP16	cluster_30
SCP2	cluster_30
HHEX	cluster_30
F9	cluster_30
C2CD5	cluster_30
CLTC	cluster_30
IKBKB	cluster_30
IP6K2	cluster_30
AICDA	cluster_30
PAX8	cluster_30
CRLF2	cluster_30
Q7Z370	cluster_30
TANK	cluster_30
AATK	cluster_30
RFX5	cluster_31
TRIM23	cluster_31
DLX5	cluster_31
POLR2E	cluster_31
SSTR1	cluster_31
GPRASP1	cluster_31
BCAM	cluster_31
RAD23A	cluster_31
BIRC7	cluster_31
FBXO7	cluster_31
Q14025	cluster_31
GPSM2	cluster_31
BTRC	cluster_31
SNAP23	cluster_31
TTK	cluster_31
EFNA2	cluster_31
DNMT3A	cluster_31
Q96BA7	cluster_31
SNCB	cluster_31
VCP	cluster_31
DUSP6	cluster_31
PTTG1	cluster_31
ITGB3BP	cluster_31
ORM1	cluster_31
PAK7	cluster_31
XXYLT1	cluster_31
LEF1	cluster_31
AMIGO2	cluster_31
ATP2B4	cluster_31
MMP12	cluster_31
LBP	cluster_31
RORC	cluster_32
TFG	cluster_32
ACIN1	cluster_32
KIR3DL1	cluster_32
PYY	cluster_32
SUFU	cluster_32
CD40LG	cluster_32
TUBA1B	cluster_32
PVR	cluster_32
ANXA5	cluster_32
TRIP11	cluster_32
PDGFA	cluster_32
PTX3	cluster_32
PSMD11	cluster_32
TNFRSF10C	cluster_32
WDR5	cluster_32
GFPT1	cluster_32
WDR34	cluster_32
RFNG	cluster_32
TFCP2	cluster_32
VMP1	cluster_32
HMGA2	cluster_32
CRY2	cluster_32
GSPT1	cluster_33
LIN7C	cluster_33
SH3GLB1	cluster_33
CXCL12	cluster_33
PROK1	cluster_33
RPS6KA6	cluster_33
GATA4	cluster_33
TAX1BP3	cluster_33
NLRP7	cluster_33
KHDRBS1	cluster_33
KCND2	cluster_33
CEACAM1	cluster_33
FGF9	cluster_33
FOSL2	cluster_33
TNF	cluster_33
STUB1	cluster_33
TRPC4AP	cluster_33
EFNA3	cluster_33
UCHL5	cluster_33
GNB2L1	cluster_33
SETBP1	cluster_33
SRPK2	cluster_33
FGFR3	cluster_33
PSME2	cluster_33
TIRAP	cluster_33
TMF1	cluster_33
SSH1	cluster_33
RASGEF1A	cluster_33
YWHAG	cluster_33
E2F7	cluster_33
PTK7	cluster_33
NEK6	cluster_33
DIAPH1	cluster_33
PER3	cluster_33
SRSF1	cluster_33
CNTNAP4	cluster_33
UNC5CL	cluster_33
CDC42	cluster_33
APBB1	cluster_33
RPA2	cluster_33
PABPC1	cluster_33
RYR2	cluster_33
AGER	cluster_33
MLLT4	cluster_33
ARHGAP29	cluster_33
STRAP	cluster_33
AIP	cluster_33
SOS1	cluster_33
CD3G	cluster_33
RCOR1	cluster_33
PITX2	cluster_33
NEFM	cluster_33
CCL23	cluster_33
SKAP2	cluster_33
PADI1	cluster_33
PDZK1	cluster_33
TEAD2	cluster_33
HOXA7	cluster_33
ULK1	cluster_33
MCOLN2	cluster_33
NUP214	cluster_33
PKP4	cluster_33
PRKAA1	cluster_33
EXOSC9	cluster_33
HTR2A	cluster_33
ACD	cluster_33
ATP5C1	cluster_33
HIPK2	cluster_33
PTCH1	cluster_33
DUSP14	cluster_33
CXCR4	cluster_33
CEBPD	cluster_33
CYP2C9	cluster_33
HSBP1	cluster_33
SMAD6	cluster_33
EIF3D	cluster_33
GZMM	cluster_33
CSNK2A2	cluster_33
BLM	cluster_33
PIP4K2A	cluster_33
DHX33	cluster_33
ATP2B1	cluster_33
ZFP91	cluster_33
PRMT1	cluster_33
CDC45	cluster_33
FAM195B	cluster_33
CAV2	cluster_33
KDM4C	cluster_33
AKAP9	cluster_33
CLEC7A	cluster_33
ANGPTL4	cluster_33
NDN	cluster_33
FKBP5	cluster_33
AP1M1	cluster_33
MXD4	cluster_33
CAMK2G	cluster_33
IL1RN	cluster_33
TNFSF12	cluster_33
BCKDK	cluster_33
GABRA1	cluster_34
PPP5C	cluster_34
SDC4	cluster_34
HIST1H2BL	cluster_34
PSMB9	cluster_34
SLC5A3	cluster_34
FGF22	cluster_34
BCL9	cluster_34
NEDD1	cluster_34
PPY	cluster_34
AHNAK	cluster_34
UMOD	cluster_34
WNK2	cluster_34
CABLES2	cluster_34
DCAF7	cluster_34
FLNC	cluster_34
LHX4	cluster_34
SLIT1	cluster_34
FBXO11	cluster_34
CBFA2T3	cluster_34
LMNB2	cluster_34
SCN4A	cluster_34
GNRHR	cluster_34
KCNA1	cluster_34
ALPL	cluster_34
ITGB5	cluster_34
EIF4G3	cluster_34
NLGN4X	cluster_34
ATP1A1	cluster_34
RHOQ	cluster_35
PRKCA	cluster_35
SOCS4	cluster_35
IRS1	cluster_35
SMARCA1	cluster_35
PKD2	cluster_35
PDK2	cluster_35
SLN	cluster_35
CALM2	cluster_35
PIDD1	cluster_35
GATA1	cluster_35
NCF4	cluster_35
SETD2	cluster_35
LRRC1	cluster_35
DAPK1	cluster_35
CRYBA1	cluster_35
TBXAS1	cluster_35
SEMA3A	cluster_35
TLR1	cluster_35
POLD2	cluster_35
OSBP	cluster_35
MAPK7	cluster_35
VDAC2	cluster_35
MSI1	cluster_35
IGF2	cluster_35
ECSIT	cluster_35
TMED10	cluster_35
UBR2	cluster_35
GRIN2A	cluster_35
PIAS4	cluster_35
DCK	cluster_35
TTBK2	cluster_35
MUSK	cluster_35
ADAMTS4	cluster_35
CDON	cluster_35
KAT8	cluster_35
GATA6	cluster_35
PSMC6	cluster_35
ZAP70	cluster_35
STK24	cluster_35
MN1	cluster_35
DEK	cluster_35
CDC42SE1	cluster_35
NRG4	cluster_35
SSR2	cluster_35
HES5	cluster_35
GTF2H2	cluster_35
PAK3	cluster_35
PDK4	cluster_35
SH3PXD2B	cluster_35
GRM3	cluster_35
GNRH1	cluster_35
DSTN	cluster_35
ARHGEF6	cluster_35
SMARCE1	cluster_35
TRIM21	cluster_35
FANCG	cluster_35
UBE2D1	cluster_35
E2F6	cluster_35
SETD6	cluster_35
SIGLEC5	cluster_35
NFE4	cluster_35
CERK	cluster_35
IFI16	cluster_35
CAND1	cluster_35
H2AFX	cluster_35
STK36	cluster_36
CENPE	cluster_36
SMG1	cluster_36
DENND3	cluster_36
SIN3B	cluster_36
ATM	cluster_36
DVL2	cluster_36
GEMIN5	cluster_36
INHBA	cluster_36
ACKR1	cluster_36
DUSP9	cluster_36
ACVR1B	cluster_36
LIG4	cluster_36
B2R8K8	cluster_36
CDC73	cluster_36
AQP5	cluster_36
SEC63	cluster_36
ADAP1	cluster_36
NUAK1	cluster_36
CYLD	cluster_36
TPM1	cluster_36
ZPR1	cluster_36
SNX6	cluster_36
ABCC3	cluster_36
MPG	cluster_36
MKNK1	cluster_36
GEM	cluster_36
GRB10	cluster_36
COL4A3BP	cluster_36
PCM1	cluster_36
HOXA9	cluster_36
TP73	cluster_36
RPL8	cluster_36
PPP1R8	cluster_36
PPP1R12A	cluster_36
HSPE1	cluster_36
DUSP8	cluster_36
ARRB1	cluster_36
NAB1	cluster_37
P08107	cluster_37
UQCRC2	cluster_37
PLRG1	cluster_37
SGK3	cluster_37
DUSP26	cluster_37
SATB2	cluster_37
SRPK1	cluster_37
CDKN2A	cluster_37
BLK	cluster_37
ETS1	cluster_37
GRN	cluster_37
SEPT9	cluster_37
CEBPA	cluster_37
DDC	cluster_37
C4B	cluster_38
SFRP2	cluster_38
LAMA5	cluster_38
RMDN3	cluster_38
FBXW11	cluster_38
AP3B1	cluster_38
SIRPA	cluster_38
PROX1	cluster_38
DNM1L	cluster_38
TRPC3	cluster_38
MMP1	cluster_38
BFAR	cluster_38
COL17A1	cluster_38
ETV4	cluster_38
ACTA1	cluster_38
PLK3	cluster_38
BAG1	cluster_38
ARRB2	cluster_38
TBC1D4	cluster_38
C1R	cluster_38
MARK3	cluster_39
ACAA2	cluster_39
THRA	cluster_39
TOMM70A	cluster_39
RAD52	cluster_39
MCOLN1	cluster_39
KRT82	cluster_39
MRE11A	cluster_39
ERCC4	cluster_39
C3	cluster_39
GAD1	cluster_39
SLC2A4RG	cluster_39
ACE	cluster_39
RYR1	cluster_39
CDK8	cluster_39
PTPRE	cluster_39
ZNHIT1	cluster_39
GTF2H1	cluster_39
PRKRA	cluster_39
CNPY3	cluster_39
CFL1	cluster_39
SHC1	cluster_39
NUP133	cluster_39
FZD3	cluster_39
NKIRAS2	cluster_39
C2	cluster_39
NFATC2	cluster_39
DUSP10	cluster_39
PDIA6	cluster_39
PTBP1	cluster_39
LRRK2	cluster_39
SPRY1	cluster_39
TPH1	cluster_39
NLRP4	cluster_39
GPHA2	cluster_39
GRP	cluster_39
XPA	cluster_39
APPL2	cluster_39
TAF10	cluster_39
SOX17	cluster_39
BAZ1B	cluster_39
UNC13B	cluster_39
CYCS	cluster_39
HOXC6	cluster_39
F8	cluster_39
JAM3	cluster_39
RLN1	cluster_39
TUBA4A	cluster_39
KLF3	cluster_39
ALDH1A2	cluster_39
Q53G95	cluster_39
CLTA	cluster_39
IL18	cluster_39
CCL3L3	cluster_39
PTCH2	cluster_39
TAB2	cluster_39
EIF3L	cluster_39
DOK5	cluster_39
LRRK1	cluster_39
DMAP1	cluster_39
CDC14B	cluster_39
CCNE2	cluster_39
ASPH	cluster_39
MAPK12	cluster_39
ERBB2	cluster_39
S1PR2	cluster_39
PAK1	cluster_39
CLIC5	cluster_39
CD2AP	cluster_39
USP1	cluster_39
EEF2	cluster_39
GLRA1	cluster_39
BARD1	cluster_39
SEPT5	cluster_39
MSH6	cluster_39
PDIK1L	cluster_39
UBE3A	cluster_39
MKL2	cluster_39
HNRNPM	cluster_39
RHOA	cluster_39
SLC12A1	cluster_39
GPRC5A	cluster_39
TIE1	cluster_39
IL7R	cluster_39
D9IAI1	cluster_39
NINL	cluster_40
HOMER3	cluster_40
CRIPT	cluster_40
PACSIN3	cluster_40
TOR1AIP1	cluster_40
PRKAR2A	cluster_40
FZD10	cluster_40
PCOLCE	cluster_40
IRS2	cluster_40
ERCC3	cluster_40
RHOT1	cluster_40
GADD45GIP1	cluster_40
BRCC3	cluster_40
INCENP	cluster_40
AGT	cluster_40
CCNG1	cluster_40
GHRL	cluster_40
RAB3IP	cluster_40
GXYLT2	cluster_40
GABARAPL2	cluster_40
FANCC	cluster_40
KMT2E	cluster_40
MX1	cluster_40
FCGR3A	cluster_40
CCNH	cluster_40
EPOR	cluster_40
Q59HH7	cluster_40
RANBP1	cluster_40
NR1H3	cluster_40
MAPK13	cluster_40
FBLN1	cluster_40
MAP1LC3A	cluster_40
TYRO3	cluster_40
VIL1	cluster_40
ARHGAP33	cluster_40
IL10RB	cluster_40
CETN1	cluster_40
WNT11	cluster_40
STK11	cluster_41
FN1	cluster_41
STAT1	cluster_41
CDK5	cluster_41
AMH	cluster_41
KCNAB2	cluster_41
USP8	cluster_41
HNF1A	cluster_41
PPFIA1	cluster_41
LAMA2	cluster_41
ROBO3	cluster_41
AURKB	cluster_41
SNRPB	cluster_41
DOK1	cluster_41
CDK12	cluster_41
H3F3B	cluster_41
HLA-A	cluster_41
ING3	cluster_41
SSTR2	cluster_41
PGAM5	cluster_41
HIP1	cluster_41
PPP2R3B	cluster_41
RAPGEF4	cluster_41
ELAVL1	cluster_41
TOP3A	cluster_41
BMPR2	cluster_41
SMARCA4	cluster_41
EIF6	cluster_41
EIF4EBP2	cluster_41
ANKRD28	cluster_41
IRAK1	cluster_41
GRIA1	cluster_41
TMBIM6	cluster_41
HLA-C	cluster_41
PLA2G4A	cluster_41
TRPV4	cluster_41
MYCBP2	cluster_41
PLK1	cluster_41
SFPQ	cluster_41
ITM2B	cluster_41
TRIM8	cluster_41
HIST1H3B	cluster_41
NCOR2	cluster_41
NEU3	cluster_41
GNAS	cluster_41
FZD6	cluster_41
B3KTA3	cluster_41
MYBPC3	cluster_41
TLK2	cluster_41
WSB1	cluster_41
PTTG2	cluster_41
NRTN	cluster_41
BRAP	cluster_41
FOXK2	cluster_41
SNRNP70	cluster_42
IL33	cluster_42
EIF4A3	cluster_42
EZR	cluster_42
NDRG1	cluster_42
BGLAP	cluster_42
CCL14	cluster_42
SIKE1	cluster_42
JAZF1	cluster_42
MARCO	cluster_42
LSR	cluster_42
PKD2L2	cluster_42
CCNA1	cluster_42
RANGAP1	cluster_42
RAC1	cluster_42
DUSP18	cluster_42
KLF5	cluster_42
MKI67	cluster_42
GNAZ	cluster_42
CHRNB1	cluster_42
CDK11A	cluster_42
DLGAP2	cluster_42
TICAM2	cluster_42
KCNIP2	cluster_42
NLGN1	cluster_42
FURIN	cluster_42
CD2	cluster_42
IL21R	cluster_42
KDM4A	cluster_42
TUBA3C	cluster_42
S100A7	cluster_42
LRP6	cluster_42
EIF4EBP1	cluster_42
ARPC3	cluster_42
ITPKA	cluster_42
PHKA1	cluster_42
SPI1	cluster_42
FANCL	cluster_42
RAP1GAP2	cluster_42
MVP	cluster_42
RPN1	cluster_42
PDPK1	cluster_42
TOM1L1	cluster_42
BAG2	cluster_42
ROCK2	cluster_42
HMOX1	cluster_42
IFNGR1	cluster_42
FBXO4	cluster_42
ADAMTS13	cluster_42
SCNN1G	cluster_42
SERPINB3	cluster_42
GCGR	cluster_42
KIF7	cluster_42
PDPK2P	cluster_42
MSL2	cluster_42
KIF4A	cluster_42
IL13RA2	cluster_42
GNA13	cluster_42
MBL2	cluster_42
SUV39H2	cluster_42
Q96CY7	cluster_42
BTK	cluster_42
GPX1	cluster_42
GSK3B	cluster_42
EIF3C	cluster_42
SSBP3	cluster_42
GALP	cluster_42
MBD4	cluster_42
EPHA2	cluster_42
HIST1H2AM	cluster_42
ENC1	cluster_42
GPI	cluster_42
ATPIF1	cluster_42
RASGRP1	cluster_42
GMPS	cluster_42
FMNL2	cluster_42
FCRL3	cluster_42
CDK11B	cluster_42
MAP3K4	cluster_42
B3KXJ4	cluster_42
CAMK4	cluster_42
SELE	cluster_42
POLD3	cluster_42
GCK	cluster_42
DEFB103B	cluster_42
CAMK1D	cluster_43
GCC1	cluster_43
GTF2H3	cluster_43
CSNK1A1L	cluster_43
RUNX2	cluster_43
VAMP7	cluster_43
ECM1	cluster_43
KDM3A	cluster_43
ECT2	cluster_43
SMARCA2	cluster_43
RGMB	cluster_43
HFE	cluster_43
DGKA	cluster_43
PTH2R	cluster_43
RAG1	cluster_43
CTDSPL2	cluster_43
PPP2CB	cluster_43
RHEBL1	cluster_43
PPP1R13L	cluster_43
FANCF	cluster_43
SHARPIN	cluster_43
WASF2	cluster_43
NUMBL	cluster_43
NIPSNAP1	cluster_43
HSPB1	cluster_43
ARHGAP1	cluster_43
GLMN	cluster_43
RNF111	cluster_43
ACAP1	cluster_43
G6PD	cluster_43
HSPA2	cluster_43
SLBP	cluster_43
ALDOA	cluster_43
BNIP2	cluster_43
CCNY	cluster_43
SEC14L2	cluster_43
HPCA	cluster_43
STAM	cluster_43
SNCAIP	cluster_43
TRPM2	cluster_43
EIF2AK4	cluster_43
DNAJA3	cluster_43
RFX1	cluster_43
HIST3H2BB	cluster_43
CARD8	cluster_43
STAT6	cluster_43
CDC14A	cluster_43
TYRP1	cluster_43
NKX6-1	cluster_43
TPST1	cluster_43
RORA	cluster_43
GRIP1	cluster_43
ATF1	cluster_43
PAX5	cluster_43
IL11RA	cluster_43
FLOT1	cluster_43
SHANK1	cluster_43
PICALM	cluster_43
MAPK6	cluster_43
DNAJC5	cluster_43
USP6	cluster_43
ERCC5	cluster_43
G6PC	cluster_43
MYH10	cluster_43
STK3	cluster_43
IL1RAP	cluster_43
CDKN2D	cluster_43
TRPM4	cluster_43
CTDSPL	cluster_43
TRIOBP	cluster_43
DAB1	cluster_43
MXI1	cluster_43
PLCB3	cluster_43
RHOU	cluster_43
SNIP1	cluster_43
PLK2	cluster_43
NR1H4	cluster_43
RAB5A	cluster_43
IFNGR2	cluster_43
GCKR	cluster_43
CXCR3	cluster_43
Q53H33	cluster_43
SV2A	cluster_43
CCR2	cluster_43
Q59F04	cluster_43
BIRC3	cluster_43
SIX3	cluster_43
TDG	cluster_43
E2F2	cluster_43
CASP2	cluster_43
TRPV6	cluster_43
PTGS2	cluster_43
SST	cluster_44
EIF2S3	cluster_44
FOSL1	cluster_44
FAF1	cluster_44
XIAP	cluster_44
SYK	cluster_44
NLK	cluster_44
B4DNC7	cluster_44
CTSD	cluster_44
PPP1R14C	cluster_44
CHAMP1	cluster_44
VEGFA	cluster_44
CDK19	cluster_44
PAF1	cluster_44
EPS15	cluster_44
WT1	cluster_44
CTNNA2	cluster_44
IFNA2	cluster_44
ADRBK2	cluster_44
TAL1	cluster_44
IL1R1	cluster_44
ZNF420	cluster_44
PIM2	cluster_44
EFNB1	cluster_44
PNRC1	cluster_44
ID1	cluster_44
LYAR	cluster_44
LPAR6	cluster_44
MAP3K5	cluster_44
LIFR	cluster_44
RAB11FIP3	cluster_44
CGGBP1	cluster_44
SPP1	cluster_44
GTF3A	cluster_44
DYNLL2	cluster_44
Q59F91	cluster_44
COPS3	cluster_44
TAB1	cluster_44
SCAF11	cluster_44
MARK4	cluster_44
SSTR4	cluster_44
CARD18	cluster_44
GBX2	cluster_44
DACH2	cluster_44
KRT2	cluster_44
ARHGAP35	cluster_44
DUPD1	cluster_44
PTHLH	cluster_44
Q59FK4	cluster_44
EFNA5	cluster_44
CSF1R	cluster_44
CD58	cluster_44
GADD45B	cluster_44
STX17	cluster_44
S1PR3	cluster_44
FXYD1	cluster_44
GRK1	cluster_44
HOXB8	cluster_45
TAP2	cluster_45
ACKR4	cluster_45
INVS	cluster_45
PLAG1	cluster_45
CPE	cluster_45
RAB3A	cluster_45
RBBP8	cluster_45
MARK1	cluster_45
A8K0H7	cluster_45
GRPR	cluster_45
KDM5D	cluster_45
SIGLEC9	cluster_45
ECE1	cluster_45
CDKN1B	cluster_45
PJA1	cluster_45
TYR	cluster_45
PHF11	cluster_45
CARM1	cluster_45
TRAF3IP2	cluster_45
AVP	cluster_45
DDB2	cluster_45
RARB	cluster_45
DNMT3B	cluster_45
PDZD2	cluster_45
UBA1	cluster_45
PPP2R1B	cluster_45
SUMO1	cluster_45
KCNJ5	cluster_45
TSC22D3	cluster_45
HLA-DRB1	cluster_45
PYGB	cluster_45
SMARCC2	cluster_45
GOLPH3	cluster_45
NGEF	cluster_45
BLNK	cluster_45
PPP2R1A	cluster_45
NFATC3	cluster_45
EXO1	cluster_45
TNNI3	cluster_45
SAP18	cluster_45
DYRK2	cluster_46
ERLIN1	cluster_46
TP53I3	cluster_46
SYVN1	cluster_46
A8K379	cluster_46
ATP1B1	cluster_46
ZBTB4	cluster_46
KCNQ1	cluster_46
PIK3CA	cluster_46
XRCC3	cluster_46
BAZ2A	cluster_46
CA2	cluster_46
GAST	cluster_46
WAPAL	cluster_46
RNF25	cluster_46
SH3BP4	cluster_46
CD33	cluster_46
B4DG68	cluster_46
JAK1	cluster_46
ADAM2	cluster_46
NCF2	cluster_46
TGFBR1	cluster_46
BAK1	cluster_46
RIPK2	cluster_46
NR2C2	cluster_46
ATOH1	cluster_46
PPARG	cluster_46
CEP85	cluster_46
ESRRA	cluster_46
NCOA3	cluster_46
TNFSF14	cluster_46
PARD3	cluster_46
PCSK7	cluster_46
PDE5A	cluster_46
KREMEN2	cluster_46
PPP1R1A	cluster_46
MKNK2	cluster_46
ADAM15	cluster_46
DDX58	cluster_46
KPNA1	cluster_46
PPP2R5D	cluster_46
STAG2	cluster_46
POLA2	cluster_46
BCL2L1	cluster_46
FBXO5	cluster_46
CRIPAK	cluster_46
FOXL2	cluster_46
CCL19	cluster_46
FCGR2B	cluster_46
PLP2	cluster_46
USP17L2	cluster_46
ACKR2	cluster_46
LASP1	cluster_46
Q59GL5	cluster_46
MEIS2	cluster_46
PDGFRA	cluster_46
CABLES1	cluster_46
CCNO	cluster_46
MDFI	cluster_46
DNMT3L	cluster_46
STATH	cluster_46
TRIP10	cluster_46
NEK9	cluster_46
KIZ	cluster_46
Q86SX1	cluster_46
NFKB1	cluster_46
TGFBRAP1	cluster_46
THOP1	cluster_46
CHP1	cluster_46
NDRG2	cluster_46
EPM2A	cluster_46
PIP5K1B	cluster_46
MEN1	cluster_46
GTF2B	cluster_46
PNOC	cluster_46
CCDC50	cluster_46
LIN7B	cluster_46
PA2G4	cluster_46
SETD1A	cluster_46
FBXO6	cluster_46
FGF8	cluster_46
IRGC	cluster_46
CUL3	cluster_46
RPS6KA4	cluster_46
CIB1	cluster_47
RAD54L	cluster_47
CUL2	cluster_47
PPM1K	cluster_47
RRAS	cluster_47
WNT7B	cluster_47
AURKA	cluster_47
CACNA1H	cluster_47
NFIL3	cluster_47
JAM2	cluster_47
TRAF3IP1	cluster_47
SSH2	cluster_47
Q9P0T0	cluster_47
MBD3	cluster_47
RMI1	cluster_47
CCDC65	cluster_47
SERPINB4	cluster_47
CALD1	cluster_47
HBP1	cluster_47
MELK	cluster_47
CARD6	cluster_47
CTH	cluster_47
CDH3	cluster_47
GNAT2	cluster_47
MUC5AC	cluster_47
TRIM14	cluster_47
NDE1	cluster_47
CD63	cluster_47
WIPF1	cluster_47
F2R	cluster_47
RPS6KB1	cluster_47
GTF2A2	cluster_47
MEP1B	cluster_47
BGN	cluster_47
PPP1R14A	cluster_47
CA3	cluster_47
PLD2	cluster_48
CDK5RAP2	cluster_48
SVIL	cluster_48
CDH2	cluster_48
CHEK1	cluster_48
DMTN	cluster_48
Q8NFJ4	cluster_48
RXRG	cluster_48
PYCARD	cluster_48
PITX3	cluster_48
MORC2	cluster_48
WWOX	cluster_48
PPM1E	cluster_48
FAAP24	cluster_48
DHH	cluster_48
PLK4	cluster_48
NDUFS4	cluster_48
PRDM1	cluster_48
ITGB1BP1	cluster_48
CRX	cluster_48
TOLLIP	cluster_48
V9HWE1	cluster_48
ACACB	cluster_48
TNNT2	cluster_48
HIST1H1C	cluster_48
RRM1	cluster_48
B3KMX5	cluster_48
PLAT	cluster_48
CREB1	cluster_49
DYNLL1	cluster_49
SMAD9	cluster_49
DACT2	cluster_49
GNG4	cluster_49
PTPN21	cluster_49
PSMC3IP	cluster_49
GCM1	cluster_49
SIPA1	cluster_49
ESR2	cluster_49
ALPI	cluster_49
ARHGAP32	cluster_49
CBX4	cluster_49
ADAM19	cluster_49
ARHGAP24	cluster_49
RWDD3	cluster_49
CDCA5	cluster_49
BNC1	cluster_49
FOXI2	cluster_49
JUN	cluster_49
PAXIP1	cluster_49
TNFSF10	cluster_49
ENPP2	cluster_49
DLK1	cluster_49
NUAK2	cluster_49
RBM39	cluster_49
KMT2D	cluster_49
RAP1A	cluster_49
ILF2	cluster_49
LPAR2	cluster_49
MAGI3	cluster_49
H2AFZ	cluster_49
CARD9	cluster_50
IDH2	cluster_50
GCLC	cluster_50
ANGPT4	cluster_50
E4F1	cluster_50
KCNJ13	cluster_50
DLK2	cluster_50
CDC7	cluster_50
DROSHA	cluster_50
CBL	cluster_50
STK39	cluster_50
NCR1	cluster_50
GSG2	cluster_50
ITM2C	cluster_50
DOC2A	cluster_50
VAV3	cluster_50
THOC5	cluster_50
ATG101	cluster_50
CSNK1A1	cluster_50
DRD3	cluster_50
CEP250	cluster_50
HIST1H1A	cluster_50
HSPB2	cluster_50
SPNS1	cluster_50
FPR2	cluster_50
EHMT2	cluster_50
SPRY3	cluster_50
TRIO	cluster_50
ADCY1	cluster_50
SMARCB1	cluster_50
XRCC6	cluster_50
EIF4G2	cluster_50
RPS19	cluster_50
TOP1	cluster_50
PTPN9	cluster_50
HIST1H2BK	cluster_50
PRKX	cluster_50
SGK1	cluster_50
Q9P084	cluster_50
CTSH	cluster_50
PAK6	cluster_50
EPHA3	cluster_50
GFAP	cluster_50
TRPC4	cluster_50
UTRN	cluster_50
RNF11	cluster_50
TRPC1	cluster_50
CD72	cluster_50
IL2RA	cluster_50
BRD8	cluster_50
MYLK2	cluster_50
HTR1B	cluster_50
DYNLRB1	cluster_50
ZBTB17	cluster_50
PGM1	cluster_50
DGUOK	cluster_50
THEM4	cluster_50
CASP8	cluster_50
APPL1	cluster_50
DUSP16	cluster_50
TRPC6	cluster_50
ANAPC1	cluster_50
OPRL1	cluster_50
DCTN1	cluster_50
AKAP13	cluster_50
ITGB3	cluster_50
SUV420H2	cluster_50
CTSK	cluster_50
S100A13	cluster_50
RELN	cluster_50
ERN1	cluster_50
RRAD	cluster_50
GPKOW	cluster_50
BCCIP	cluster_50
PTEN	cluster_50
POLR2B	cluster_51
NFAM1	cluster_51
ANKRD2	cluster_51
NOS1	cluster_51
IRAK1BP1	cluster_51
BDKRB1	cluster_51
RUVBL1	cluster_51
AIFM2	cluster_51
GAB2	cluster_51
WNT9A	cluster_51
CCND1	cluster_51
TXNRD1	cluster_51
LHCGR	cluster_51
PFKL	cluster_51
TRPA1	cluster_51
IGFBP5	cluster_51
AVPR2	cluster_51
DLL1	cluster_51
RAVER1	cluster_51
PHLPP2	cluster_51
EFNB2	cluster_51
EIF3K	cluster_51
SF3B1	cluster_51
TRIM37	cluster_51
CASP10	cluster_51
NKX2-5	cluster_51
PLEKHG6	cluster_51
RPL10	cluster_51
SKI	cluster_51
NDUFB10	cluster_51
EEF2K	cluster_51
PICK1	cluster_51
ABCF1	cluster_51
CREBZF	cluster_51
CD74	cluster_51
KLK4	cluster_51
ICK	cluster_51
KEAP1	cluster_51
PRIM2	cluster_51
CHP2	cluster_51
IRF8	cluster_51
AXIN2	cluster_51
KDM1A	cluster_51
NR1I3	cluster_51
PLXNA2	cluster_51
STAMBPL1	cluster_51
PPP2R5C	cluster_51
PPM1B	cluster_51
ATG3	cluster_51
MAP3K8	cluster_51
FZD4	cluster_51
EGLN3	cluster_51
CCL22	cluster_51
CLIP1	cluster_51
CYTH1	cluster_51
CLCN3	cluster_51
STAU1	cluster_51
PPP1R9A	cluster_51
MAGOH	cluster_51
PDCD10	cluster_51
RGS18	cluster_51
HRK	cluster_51
SERPINC1	cluster_51
NOD2	cluster_51
SAT1	cluster_51
PGM3	cluster_51
CFH	cluster_51
C1S	cluster_51
OSTF1	cluster_51
PARD6B	cluster_51
AVEN	cluster_51
VPS72	cluster_51
BMP1	cluster_51
BORA	cluster_51
LGALS1	cluster_51
PDP1	cluster_51
PIAS2	cluster_51
TRADD	cluster_51
TET2	cluster_51
BAX	cluster_51
ITGA4	cluster_51
IL15	cluster_51
LHX1	cluster_51
GLI2	cluster_51
UBE2V1	cluster_52
HTR1A	cluster_52
ITSN1	cluster_52
SYNJ2	cluster_52
APOBEC1	cluster_52
COPS8	cluster_52
BRCA1	cluster_52
PTGER3	cluster_52
SPRY4	cluster_52
TTF2	cluster_52
ACAN	cluster_52
PKMYT1	cluster_52
ARHGEF19	cluster_52
CACNG2	cluster_52
SF3B4	cluster_52
CNOT8	cluster_52
BCLAF1	cluster_52
PLXNB2	cluster_52
VCAM1	cluster_52
TP53INP2	cluster_52
SORT1	cluster_52
CASP3	cluster_52
PINK1	cluster_52
COL5A2	cluster_52
PTPRB	cluster_52
NSMAF	cluster_52
OBSCN	cluster_52
ATG16L2	cluster_52
FFAR4	cluster_52
STOM	cluster_52
SIRT3	cluster_52
KTN1	cluster_52
Q59F12	cluster_52
MLKL	cluster_52
PPP1R12C	cluster_52
NKX2-1	cluster_52
EP300	cluster_53
PTN	cluster_53
GLO1	cluster_53
TSGA10	cluster_53
DUSP5	cluster_53
FEN1	cluster_53
RASA4	cluster_53
CLCA2	cluster_53
VAMP4	cluster_53
MAP2K7	cluster_53
GZMB	cluster_53
DIXDC1	cluster_53
MTF1	cluster_53
LAT	cluster_53
CAMKK2	cluster_53
IRS4	cluster_53
AMPH	cluster_53
DPYSL2	cluster_53
HCRTR2	cluster_53
RPS21	cluster_53
GALR1	cluster_53
CCL4	cluster_53
PDCD2	cluster_53
NFU1	cluster_53
MAOA	cluster_53
USF2	cluster_53
FAM107A	cluster_53
MASP1	cluster_53
SETD1B	cluster_53
EGF	cluster_53
THBD	cluster_53
CPM	cluster_53
STMN3	cluster_53
DOCK2	cluster_53
CAT	cluster_53
UHRF1	cluster_53
MAP2K3	cluster_53
WNT3A	cluster_53
ZBTB33	cluster_53
TP63	cluster_53
SNTB2	cluster_53
CTBP1	cluster_53
SIGLEC10	cluster_53
PTPN14	cluster_53
MMP8	cluster_53
CRIP2	cluster_53
NAA10	cluster_53
TSHR	cluster_53
SMG8	cluster_53
MTCP1	cluster_53
ATG13	cluster_53
KCNIP3	cluster_53
IRF2	cluster_53
PMS2	cluster_53
EIF3H	cluster_53
K9JA46	cluster_53
PDIA3	cluster_53
MTOR	cluster_53
GUCY2C	cluster_53
IL9R	cluster_53
CDCA4	cluster_53
ITGB4	cluster_53
ARG1	cluster_53
IFIT2	cluster_53
PF4	cluster_53
CENPA	cluster_53
HCRT	cluster_53
ESRRG	cluster_53
SERBP1	cluster_53
SHOX	cluster_53
CCRL2	cluster_53
DEFB4B	cluster_54
NPR1	cluster_54
EPN1	cluster_54
NUSAP1	cluster_54
GJA5	cluster_55
PRKCSH	cluster_55
CD86	cluster_55
TNFAIP1	cluster_55
CCL11	cluster_55
ZNF24	cluster_55
PDIA4	cluster_55
MME	cluster_55
ATG4A	cluster_55
HIST1H2BN	cluster_55
GJB6	cluster_55
CDC16	cluster_55
Q8WYR3	cluster_55
HSF1	cluster_55
NCSTN	cluster_55
PSMB8	cluster_55
AGA	cluster_55
VIM	cluster_55
GCLM	cluster_55
TAF15	cluster_56
BIRC8	cluster_56
SLC30A9	cluster_56
TNKS	cluster_56
PTK2B	cluster_56
RPGRIP1L	cluster_56
EPC1	cluster_56
Q659G9	cluster_56
BDNF	cluster_56
VDAC1	cluster_56
ARPC2	cluster_56
FANCA	cluster_56
HEY2	cluster_56
HAVCR2	cluster_56
AMER1	cluster_56
ITGAL	cluster_56
RND3	cluster_56
SEC14L1	cluster_56
CSK	cluster_56
A2M	cluster_56
CTSS	cluster_56
CD22	cluster_56
ANGPTL1	cluster_56
PRKD2	cluster_56
TGFB3	cluster_56
LRP8	cluster_56
AANAT	cluster_56
SLX4	cluster_56
CD79B	cluster_56
SMARCA5	cluster_56
APLF	cluster_56
FCGR2C	cluster_56
CNKSR1	cluster_56
CD151	cluster_56
WNT3	cluster_56
MMP14	cluster_56
IFIT3	cluster_56
KIF2B	cluster_56
ELF1	cluster_56
SYN1	cluster_56
RAD51C	cluster_56
IL13	cluster_56
PHGDH	cluster_56
ZNF622	cluster_56
TFAP4	cluster_56
TCF3	cluster_56
EID2	cluster_56
SRSF2	cluster_56
MATK	cluster_56
RBL2	cluster_56
FANCD2	cluster_56
THPO	cluster_56
PDP2	cluster_56
PIKFYVE	cluster_56
NOD1	cluster_56
SRY	cluster_56
TRAF2	cluster_56
ETS2	cluster_56
MDK	cluster_56
ATP2B2	cluster_56
CAMK1	cluster_56
CGN	cluster_56
CMC4	cluster_56
CORO1C	cluster_56
XPO5	cluster_56
SH3BGRL	cluster_57
ITPRIPL1	cluster_57
JAK2	cluster_57
RPS27A	cluster_57
STXBP2	cluster_57
PPBP	cluster_57
TRAF4	cluster_57
FGF19	cluster_57
TDGF1	cluster_57
ACVR2B	cluster_57
INS	cluster_57
NEO1	cluster_57
ARHGAP5	cluster_57
DRD1	cluster_57
BNIP3	cluster_57
INADL	cluster_57
PTCRA	cluster_57
WNT10B	cluster_57
PTGIR	cluster_57
CSE1L	cluster_57
TNIP2	cluster_57
RAB8A	cluster_57
FBXO31	cluster_57
GABARAPL1	cluster_57
KSR2	cluster_57
CDK4	cluster_57
BCR	cluster_57
DAPK3	cluster_57
SHC3	cluster_57
PIK3C2B	cluster_57
MAPK8IP2	cluster_57
SERPINB2	cluster_57
MNX1	cluster_57
GABRB2	cluster_57
SLC9A3R1	cluster_57
MGA	cluster_57
TRIM24	cluster_57
ADRA1A	cluster_57
RBM8A	cluster_57
UGT1A7	cluster_57
BIN1	cluster_57
GUCA2B	cluster_57
SLC12A6	cluster_57
WDR83	cluster_57
ISG20	cluster_57
ATF3	cluster_57
Q9BSD8	cluster_57
CTNND1	cluster_58
PTH	cluster_58
DCX	cluster_58
NOV	cluster_58
UBE2E3	cluster_58
ITGB1	cluster_58
PAX2	cluster_58
SMAD2	cluster_58
MAP3K14	cluster_58
PLCB2	cluster_58
ARHGEF2	cluster_58
BUB1	cluster_58
SP3	cluster_58
MC4R	cluster_58
SNX33	cluster_58
GRB2	cluster_58
ABCG2	cluster_58
RFC4	cluster_58
ODC1	cluster_58
MT3	cluster_58
CCM2	cluster_58
MYF6	cluster_58
MYL6B	cluster_58
PDE6D	cluster_58
SPEN	cluster_58
CNR2	cluster_58
NPPB	cluster_58
HADHA	cluster_58
TUBA4B	cluster_58
MTBP	cluster_58
ACO1	cluster_58
HUWE1	cluster_58
STEAP4	cluster_58
TSPY1	cluster_58
TRIM63	cluster_58
TIGAR	cluster_58
RNF14	cluster_58
CHMP4C	cluster_58
MOK	cluster_58
PAM	cluster_58
PTPN11	cluster_58
SUZ12	cluster_58
FHL1	cluster_58
USP28	cluster_58
TOPORS	cluster_58
ERCC6	cluster_58
WWTR1	cluster_58
IGF2R	cluster_58
TLR2	cluster_58
NUP98	cluster_58
MTMR2	cluster_58
IL1B	cluster_58
PROM1	cluster_58
CDC25C	cluster_58
PTTG1IP	cluster_58
HBA1	cluster_59
CLDN3	cluster_59
GH1	cluster_59
GTF2H5	cluster_59
TRPM6	cluster_59
GFPT2	cluster_59
PDGFB	cluster_59
PKD1L3	cluster_59
MYO5A	cluster_59
COL18A1	cluster_59
TARDBP	cluster_59
NR1D2	cluster_59
SNX2	cluster_59
GUCY1B3	cluster_59
FRK	cluster_59
OCLN	cluster_59
MYRIP	cluster_59
PCBP2	cluster_59
DIAPH2	cluster_59
NGFRAP1	cluster_59
KAT5	cluster_59
MAX	cluster_59
HSPB6	cluster_59
KCNN1	cluster_59
PSMB5	cluster_59
ILK	cluster_59
TSPYL2	cluster_59
EPB42	cluster_59
CARD14	cluster_59
TNFRSF13C	cluster_59
ACVRL1	cluster_59
KDM3B	cluster_59
WNK1	cluster_59
PTP4A2	cluster_59
ELF3	cluster_59
RYK	cluster_59
PHOX2A	cluster_59
DDR2	cluster_59
ACTR2	cluster_59
AQP4	cluster_59
DYRK1B	cluster_60
IL12A	cluster_60
CYTH2	cluster_60
TBK1	cluster_60
DUSP3	cluster_60
KCNK9	cluster_60
PRLR	cluster_60
CHD3	cluster_60
PHKG1	cluster_60
DOK7	cluster_60
LITAF	cluster_60
TPX2	cluster_60
RDX	cluster_60
PCNT	cluster_60
PHF6	cluster_60
DIAPH3	cluster_60
CD44	cluster_60
RASA1	cluster_60
LTB4R	cluster_60
IRAK2	cluster_60
MSR1	cluster_60
IRF2BP1	cluster_60
KDM5C	cluster_60
DNAJC3	cluster_60
NR4A2	cluster_60
CEBPE	cluster_60
DFNB31	cluster_60
TLN1	cluster_60
LYN	cluster_60
TUBB2A	cluster_60
NHLRC1	cluster_60
SUMO3	cluster_60
SARG	cluster_60
EIF3B	cluster_60
IQGAP2	cluster_60
ACP1	cluster_60
TCP10L	cluster_60
CANX	cluster_60
VCL	cluster_60
GOPC	cluster_60
CDC34	cluster_60
CDV3	cluster_60
LGMN	cluster_60
SUV39H1	cluster_60
FLT3	cluster_60
CHMP4B	cluster_60
FOXO3	cluster_60
MCTS1	cluster_60
IL5	cluster_60
MAP1A	cluster_60
CCL13	cluster_60
TXN	cluster_60
PRDX6	cluster_60
FAM129A	cluster_60
EXOC2	cluster_60
GLS2	cluster_60
MCM3	cluster_60
RPL11	cluster_60
TYROBP	cluster_60
PPARD	cluster_60
SI	cluster_60
FZD8	cluster_60
PFKFB2	cluster_60
TBXA2R	cluster_60
DDX17	cluster_60
CNTF	cluster_60
MAFK	cluster_61
SPDEF	cluster_61
MORF4L1	cluster_61
ZMIZ1	cluster_61
TSG101	cluster_61
NFKBIZ	cluster_61
PML	cluster_61
CR2	cluster_61
BNIP3L	cluster_61
POLB	cluster_61
CTNNA3	cluster_61
GTF2I	cluster_61
AP2S1	cluster_61
ARPC5	cluster_61
SORBS1	cluster_61
DHFR	cluster_61
RAN	cluster_61
SUPT20H	cluster_61
HMGCR	cluster_61
WAS	cluster_61
ATP2A2	cluster_61
CLIP3	cluster_61
PIK3CB	cluster_61
PFKFB3	cluster_61
PSMD1	cluster_61
TOB1	cluster_61
SYP	cluster_61
FOXP3	cluster_61
SNX9	cluster_61
STAP2	cluster_61
SCRIB	cluster_61
ATXN1	cluster_61
ATG4B	cluster_61
PRM1	cluster_61
XRCC4	cluster_61
SP4	cluster_61
DYNC1I2	cluster_61
ADH1A	cluster_61
MAPRE1	cluster_61
PRC1	cluster_61
SLC1A3	cluster_61
HNRNPK	cluster_61
PSEN2	cluster_61
TCF7L2	cluster_61
PPP3CB	cluster_61
SH3BP2	cluster_61
POLDIP3	cluster_61
V9HWA6	cluster_61
IL6	cluster_61
HEY1	cluster_61
FOXA2	cluster_61
NLRP2	cluster_61
TIGIT	cluster_61
PPP1R3C	cluster_61
CDK6	cluster_61
ENAH	cluster_61
BAG3	cluster_61
KCNQ3	cluster_61
CCL25	cluster_61
TGFB2	cluster_61
GDF2	cluster_61
MAPT	cluster_61
PAK2	cluster_61
SYT6	cluster_61
PRKAR2B	cluster_61
GPR75	cluster_61
HGF	cluster_61
ARAP1	cluster_61
DPYSL3	cluster_61
DPYD	cluster_61
CUL4A	cluster_61
NFX1	cluster_61
HSPD1	cluster_61
DDB1	cluster_61
SIK2	cluster_61
STAT4	cluster_61
MSC	cluster_61
Q59HG2	cluster_61
TERF2IP	cluster_61
OTX2	cluster_61
DSP	cluster_61
DSN1	cluster_61
NRK	cluster_61
STX1A	cluster_61
PRKCE	cluster_61
RUVBL2	cluster_61
PCBP4	cluster_61
TRIM16L	cluster_61
RIPK1	cluster_61
DTL	cluster_61
Q59FX5	cluster_61
MAPK8	cluster_61
FABP4	cluster_61
HLA-E	cluster_61
SPSB1	cluster_61
POLD1	cluster_61
RXRB	cluster_61
PTPRU	cluster_61
LRIG1	cluster_61
SRCIN1	cluster_62
STK11IP	cluster_62
CLSPN	cluster_62
RASGRP3	cluster_62
IL10	cluster_62
WIZ	cluster_62
ERBB3	cluster_62
NUTF2	cluster_62
TSC1	cluster_62
VWF	cluster_62
ADORA1	cluster_62
MYF5	cluster_62
DES	cluster_62
MS4A1	cluster_62
KLC2	cluster_62
GSTP1	cluster_62
DVL3	cluster_62
NR0B1	cluster_62
SPHK2	cluster_62
COPS7A	cluster_62
EPHB3	cluster_62
TEK	cluster_62
SYT4	cluster_62
SH3KBP1	cluster_62
LHX3	cluster_62
EIF4A1	cluster_62
TF	cluster_62
CNTNAP2	cluster_62
TJP2	cluster_62
PTPRF	cluster_62
BRD4	cluster_62
CAPN3	cluster_62
GNA11	cluster_62
HVCN1	cluster_62
PCSK2	cluster_62
NOX4	cluster_62
FGFR1OP	cluster_62
FERMT2	cluster_62
AR	cluster_62
LAMC2	cluster_62
CD81	cluster_62
SLC6A1	cluster_62
IGF1	cluster_62
TH	cluster_62
DYNC1H1	cluster_62
CST4	cluster_62
LIPE	cluster_62
FRZB	cluster_62
SOD3	cluster_62
GNAO1	cluster_62
HNRNPL	cluster_62
WNT1	cluster_62
ACTN1	cluster_62
MAML3	cluster_62
CCL1	cluster_62
MT-RNR2	cluster_62
PDE1C	cluster_62
UBE2R2	cluster_62
GPHN	cluster_62
CD38	cluster_62
CELF1	cluster_62
QTRT1	cluster_62
NAP1L1	cluster_62
CCNB1	cluster_62
RAB5B	cluster_62
AXL	cluster_62
BMP4	cluster_62
FGR	cluster_62
CLDN7	cluster_62
CDK10	cluster_62
NKX3-1	cluster_62
ADA	cluster_62
STK4	cluster_62
SMO	cluster_62
FKBP1A	cluster_62
TUBB6	cluster_62
CCKAR	cluster_62
GGA1	cluster_62
NPHS1	cluster_62
CTPS2	cluster_62
ECHS1	cluster_62
GABRB1	cluster_62
CDK1	cluster_62
NHEJ1	cluster_62
SERPIND1	cluster_62
KDM4D	cluster_62
PRKCQ	cluster_62
KLF13	cluster_62
SPDYA	cluster_62
ADH4	cluster_62
PLAU	cluster_62
SPHK1	cluster_62
UCN3	cluster_62
HYAL2	cluster_62
RAC3	cluster_63
ING1	cluster_63
CHAF1A	cluster_63
SEC16B	cluster_63
SOX10	cluster_63
EGLN1	cluster_63
UBE3C	cluster_63
LRP2	cluster_63
ZNRF3	cluster_63
RAD9A	cluster_63
INCA1	cluster_63
NRG1	cluster_63
MC3R	cluster_63
SUB1	cluster_63
HAX1	cluster_63
OTUB1	cluster_63
NTRK2	cluster_63
SERPINA1	cluster_63
HOXC9	cluster_63
CHEK2	cluster_63
CCR10	cluster_63
CBX5	cluster_63
PPM1H	cluster_63
PLEC	cluster_63
MAF	cluster_63
UBE2S	cluster_63
ATR	cluster_63
MYL12A	cluster_63
TNFRSF10B	cluster_63
PACS1	cluster_63
NPHS2	cluster_63
BIRC6	cluster_63
PARP3	cluster_63
MAPK14	cluster_63
IL19	cluster_63
PSTPIP1	cluster_63
GAB3	cluster_63
EIF1	cluster_63
CXCL6	cluster_63
LAMC1	cluster_63
MAP1LC3C	cluster_63
NABP2	cluster_63
IFNG	cluster_63
SLC9A5	cluster_63
STAB2	cluster_63
MS4A2	cluster_63
MAP4K3	cluster_64
SEPT2	cluster_64
CSNK1E	cluster_64
RASGRP2	cluster_64
IL10RA	cluster_64
LRRFIP2	cluster_64
PRKRIR	cluster_64
ITGAX	cluster_64
LIPH	cluster_64
TRPM7	cluster_64
CARD10	cluster_64
DLGAP1	cluster_64
UBE2B	cluster_64
RPS3	cluster_64
DSG1	cluster_64
ANO7	cluster_64
IGFBP1	cluster_64
CD300LB	cluster_64
TAF4	cluster_64
CAMK2A	cluster_64
DTNB	cluster_64
DOK6	cluster_64
UBE2D2	cluster_64
TEX14	cluster_64
RAB11A	cluster_64
ARF4	cluster_64
RASSF7	cluster_64
LY96	cluster_64
EDNRB	cluster_64
MATR3	cluster_64
NQO1	cluster_64
NR2E3	cluster_64
DPP4	cluster_65
RASGEF1C	cluster_65
AQP1	cluster_65
UBXN2B	cluster_65
FYB	cluster_65
PTGES3	cluster_65
RAP1GDS1	cluster_65
PPP2R3A	cluster_65
EWSR1	cluster_65
MYL5	cluster_65
SMAD3	cluster_65
EYA1	cluster_65
PLCE1	cluster_65
SUV420H1	cluster_65
CTNNBIP1	cluster_65
RXRA	cluster_65
VHL	cluster_65
CSF2RB	cluster_65
BCOR	cluster_65
WDR62	cluster_65
RASGRF1	cluster_65
KCNQ4	cluster_65
PDE11A	cluster_65
SNAP25	cluster_65
KSR1	cluster_65
CRYAA	cluster_65
TFAP2C	cluster_65
PAN3	cluster_65
FCER1A	cluster_65
TAF2	cluster_65
MYOM1	cluster_65
HSPB8	cluster_65
CPEB1	cluster_65
LIME1	cluster_65
SKIL	cluster_65
KIR2DL3	cluster_65
FNTB	cluster_65
RCAN1	cluster_65
CRADD	cluster_65
PVRL1	cluster_65
MST1R	cluster_65
ATF7	cluster_65
E2F4	cluster_65
SCN5A	cluster_65
IER3	cluster_65
PAX6	cluster_65
FXN	cluster_65
KLK2	cluster_65
FGF7	cluster_65
GJB1	cluster_65
PRSS23	cluster_65
BATF3	cluster_65
PPP1R15A	cluster_65
KDR	cluster_65
SHB	cluster_65
A9UF07	cluster_65
MOGS	cluster_65
BCKDHA	cluster_65
CDT1	cluster_65
NAB2	cluster_65
PRKCD	cluster_65
SMS	cluster_65
PAX7	cluster_65
Q9HA84	cluster_65
COPS5	cluster_65
ITGA6	cluster_65
PROC	cluster_65
IFITM1	cluster_65
XDH	cluster_65
MYO18A	cluster_65
ATN1	cluster_65
IFNLR1	cluster_65
ESPL1	cluster_65
IL3RA	cluster_65
WWC1	cluster_65
LGR4	cluster_65
KRT18	cluster_65
THBS2	cluster_65
SMARCAL1	cluster_65
EIF2AK2	cluster_65
POLD4	cluster_65
SND1	cluster_65
KCNK3	cluster_65
NCBP2	cluster_66
TNFSF18	cluster_66
CUL4B	cluster_66
FOXO1	cluster_66
BABAM1	cluster_66
HIST1H1B	cluster_66
F2RL2	cluster_66
RHOD	cluster_66
ANO9	cluster_66
SEPT1	cluster_66
TUBB	cluster_66
C7	cluster_66
SLC9A3R2	cluster_66
MAST3	cluster_66
GABBR1	cluster_66
B2M	cluster_66
LPL	cluster_66
Q59EA4	cluster_66
TBL1XR1	cluster_66
VAPA	cluster_66
SMG6	cluster_66
TREX1	cluster_66
SETDB2	cluster_67
MGST1	cluster_67
SNX1	cluster_67
HLA-G	cluster_67
CHUK	cluster_67
VASP	cluster_67
BCL2L11	cluster_67
TNNI1	cluster_67
DHX58	cluster_67
TRIM33	cluster_67
PPP6C	cluster_67
SMG9	cluster_67
MIF	cluster_67
SETD7	cluster_67
RBBP7	cluster_67
CSF3	cluster_67
ZBTB16	cluster_67
CASP8AP2	cluster_67
LPAR3	cluster_67
RCC1	cluster_67
TCEB3	cluster_67
MSX1	cluster_67
PCSK5	cluster_67
PER1	cluster_67
TNFRSF13B	cluster_67
MCM7	cluster_67
PTPRZ1	cluster_67
SOD2	cluster_67
CFL2	cluster_67
MFNG	cluster_67
RHOG	cluster_67
TRIM6	cluster_67
RAP1B	cluster_67
SLITRK1	cluster_67
PRDM16	cluster_67
EGR1	cluster_67
CFB	cluster_67
FZD7	cluster_68
NCAM1	cluster_68
CAMK1G	cluster_68
KIF13B	cluster_68
WDR12	cluster_68
PCLO	cluster_68
NUMA1	cluster_68
HNRNPD	cluster_68
ACKR3	cluster_68
CALCR	cluster_68
PCBP1	cluster_68
ADCY2	cluster_68
TESK2	cluster_68
KCNE1	cluster_68
ELK3	cluster_68
NGFR	cluster_68
SMARCAD1	cluster_68
ATG16L1	cluster_68
PLXNB1	cluster_68
PLAA	cluster_68
HR	cluster_68
TIMP2	cluster_68
ZFYVE16	cluster_68
PFN1	cluster_68
CHN2	cluster_68
CAPN1	cluster_68
CHRM1	cluster_68
NLRP1	cluster_68
HOXC10	cluster_68
TAOK3	cluster_68
CDC42EP4	cluster_68
STARD10	cluster_68
GRIA4	cluster_68
RECQL5	cluster_68
CDKN2B	cluster_68
MXD3	cluster_68
SMN2	cluster_68
FGFR4	cluster_68
ITGA1	cluster_68
CCNE1	cluster_68
ANXA2P2	cluster_68
TTC3	cluster_68
NXF1	cluster_68
ID3	cluster_68
GADD45G	cluster_68
FAM20C	cluster_68
MCM4	cluster_68
PPP1R13B	cluster_68
SATB1	cluster_68
AJUBA	cluster_68
CLDN4	cluster_68
FOXG1	cluster_68
RGS7	cluster_68
KITLG	cluster_68
ESCO1	cluster_68
SAFB	cluster_68
HES1	cluster_68
DNM1	cluster_68
PRM2	cluster_68
RTN4	cluster_68
YEATS4	cluster_68
KAT7	cluster_68
BRCA2	cluster_68
LAMA3	cluster_68
TFDP2	cluster_68
KIF22	cluster_68
NMRAL1	cluster_68
CCL8	cluster_68
SHCBP1	cluster_68
TIPRL	cluster_68
RACGAP1	cluster_68
FAM175A	cluster_68
TTI1	cluster_68
KLK3	cluster_68
TMPRSS2	cluster_68
YTHDC1	cluster_68
GNB1	cluster_68
RBX1	cluster_68
CREB3L1	cluster_68
APEX1	cluster_68
LMO1	cluster_68
JARID2	cluster_68
RNF216	cluster_68
GHR	cluster_68
GMCL1	cluster_68
MARS	cluster_68
PPM1G	cluster_68
PIK3CD	cluster_69
DISP1	cluster_69
DBNL	cluster_69
FOXI1	cluster_69
GCSAM	cluster_69
TFF1	cluster_69
AKT1S1	cluster_69
DAG1	cluster_69
PPP2R5B	cluster_69
CCR3	cluster_69
ZBP1	cluster_69
MNAT1	cluster_69
USP21	cluster_69
CD9	cluster_69
GSTA1	cluster_69
PAIP1	cluster_69
PEG3	cluster_69
DOK2	cluster_69
NFIX	cluster_69
OPRK1	cluster_69
HOOK3	cluster_69
PREX1	cluster_69
TDP1	cluster_69
VEGFC	cluster_69
SCN1A	cluster_69
RAD23B	cluster_69
TGM1	cluster_69
PIK3AP1	cluster_69
CSN2	cluster_69
HDAC3	cluster_69
FHL3	cluster_69
APC2	cluster_69
NUP153	cluster_69
USP2	cluster_69
SPN	cluster_69
PDE6G	cluster_69
CNBP	cluster_69
PACSIN1	cluster_69
MAPKAPK2	cluster_69
AP1B1	cluster_69
TEAD3	cluster_69
B2RB33	cluster_69
POGLUT1	cluster_69
FZD5	cluster_69
YWHAE	cluster_69
BCL10	cluster_69
IL15RA	cluster_69
GNAI2	cluster_69
LAMB1	cluster_69
B3KVH4	cluster_69
SSU72	cluster_69
MUTYH	cluster_70
DACT1	cluster_70
SDC3	cluster_70
PTPRN	cluster_70
GP1BB	cluster_70
TNFRSF1B	cluster_70
CNTFR	cluster_70
NRF1	cluster_70
BUB3	cluster_70
LTA	cluster_70
FAM102A	cluster_70
ARF1	cluster_70
TACC2	cluster_70
YES1	cluster_70
UXT	cluster_70
PALB2	cluster_71
AP2M1	cluster_71
KNG1	cluster_71
B2RAH2	cluster_71
MMP2	cluster_71
CHRM2	cluster_71
GNA12	cluster_71
ITGB6	cluster_71
MAPK9	cluster_71
TCF7	cluster_71
TRAP1	cluster_71
AURKC	cluster_71
TNFRSF9	cluster_71
DEFB106A	cluster_71
ELK4	cluster_71
INHA	cluster_71
CXCL3	cluster_71
DLX3	cluster_71
SPARC	cluster_72
ESR1	cluster_72
CRKL	cluster_72
GNAQ	cluster_72
KCNJ4	cluster_72
FRAT1	cluster_72
SGOL1	cluster_72
NCF1	cluster_72
RGS10	cluster_72
AHR	cluster_72
DNM2	cluster_72
CTCF	cluster_72
SET	cluster_72
CALB1	cluster_72
GOLGA3	cluster_72
TMOD1	cluster_72
MSH5	cluster_72
PDIA5	cluster_72
FDXR	cluster_72
CXCL1	cluster_72
MAFG	cluster_72
ATG14	cluster_72
RIN1	cluster_72
ATP2A1	cluster_72
NR1D1	cluster_72
KCNA5	cluster_72
F2RL1	cluster_72
EPB41	cluster_72
MAGED1	cluster_72
RAB11FIP2	cluster_72
PDCD1	cluster_72
ELK1	cluster_72
Q53GA5	cluster_72
EFHC1	cluster_72
BRIP1	cluster_72
KLF8	cluster_72
KAT2A	cluster_72
DNAJC9	cluster_72
NUDC	cluster_72
B2R7U3	cluster_72
CBY1	cluster_72
DKK2	cluster_72
LEP	cluster_72
COL4A3	cluster_72
PKN2	cluster_72
TRPC5	cluster_72
CDKN1A	cluster_72
RPS6KB2	cluster_72
MAP2K4	cluster_72
CXCL11	cluster_72
PLD1	cluster_72
PRKAA2	cluster_72
TRPM8	cluster_72
E9PFZ0	cluster_72
FGF17	cluster_72
DFFA	cluster_72
GTF2F1	cluster_72
NME2	cluster_72
UBB	cluster_72
PLCB1	cluster_72
AKT1	cluster_72
NAIP	cluster_72
ARHGDIA	cluster_72
CTNNB1	cluster_72
RBBP5	cluster_72
Q9BSK3	cluster_72
CRP	cluster_72
NDUFA13	cluster_72
UBE2V2	cluster_72
ERCC8	cluster_72
CAPZA1	cluster_72
HINFP	cluster_72
PRKD3	cluster_72
RSPO1	cluster_72
NR0B2	cluster_72
ERF	cluster_72
PPM1F	cluster_72
USP6NL	cluster_72
EXOC5	cluster_72
CUEDC2	cluster_72
NBR1	cluster_72
ARHGEF18	cluster_72
PDGFD	cluster_72
TXK	cluster_72
NCOA2	cluster_72
SUPT16H	cluster_73
SP7	cluster_73
DBN1	cluster_73
WEE1	cluster_73
RASGEF1B	cluster_73
CITED1	cluster_73
NOTCH3	cluster_73
PRDX4	cluster_73
GSN	cluster_73
GNL3	cluster_73
RIOK3	cluster_73
MAPK10	cluster_73
SENP2	cluster_73
MRGBP	cluster_73
TYMS	cluster_73
RALA	cluster_73
Q59GM6	cluster_73
RCSD1	cluster_73
MST1	cluster_73
KPNA4	cluster_73
CD3D	cluster_73
RNPS1	cluster_73
TTL	cluster_73
STK38L	cluster_73
RFC2	cluster_73
GMFB	cluster_73
TTN	cluster_73
CYP19A1	cluster_73
HIST1H2BE	cluster_73
SREBF1	cluster_73
CRTC3	cluster_73
TRRAP	cluster_73
CHFR	cluster_73
KAT6A	cluster_73
RANBP17	cluster_73
DAZAP1	cluster_73
NPPA	cluster_73
SMURF1	cluster_73
SEMA4D	cluster_73
CMA1	cluster_73
DST	cluster_73
NOG	cluster_74
PGAM1	cluster_74
OGG1	cluster_74
DEFB104B	cluster_74
PAK1IP1	cluster_74
CHD4	cluster_74
AP2A1	cluster_74
SPRED2	cluster_74
STMN1	cluster_74
EDA	cluster_74
CHAT	cluster_74
RLF	cluster_74
BIK	cluster_74
CDC37	cluster_74
MAPRE2	cluster_74
ZNF76	cluster_74
CYBA	cluster_74
MCM8	cluster_74
ACTN2	cluster_74
NEDD4	cluster_74
EDAR	cluster_74
BLVRA	cluster_74
AHSP	cluster_74
PPHLN1	cluster_74
ASAH2B	cluster_74
MRAS	cluster_74
PRKACA	cluster_74
PLCG1	cluster_74
MAPKAPK3	cluster_74
UCN	cluster_74
C4A	cluster_74
ISCU	cluster_74
MYL9	cluster_74
FAS	cluster_74
IL12RB1	cluster_74
CASP6	cluster_74
PLG	cluster_74
TIMP1	cluster_74
CD97	cluster_74
MCM6	cluster_74
GTF2A1L	cluster_74
PHB2	cluster_74
SNCG	cluster_74
SLC6A3	cluster_74
PPP1R14B	cluster_74
AIMP1	cluster_74
SIK3	cluster_74
NRG2	cluster_74
TWIST1	cluster_74
AES	cluster_74
CHD1L	cluster_74
CD47	cluster_74
WIF1	cluster_75
Q59FS6	cluster_75
SEMG2	cluster_75
SLTM	cluster_75
BCL2L12	cluster_75
AMOT	cluster_75
CEP55	cluster_75
RICTOR	cluster_75
MC5R	cluster_75
GRM1	cluster_75
USP3	cluster_75
HDAC2	cluster_75
NFIB	cluster_75
IL3	cluster_75
WIPI2	cluster_75
SNTA1	cluster_75
IFNL1	cluster_75
CCR7	cluster_75
SOCS6	cluster_75
FGF1	cluster_75
CEBPB	cluster_75
TNFRSF10D	cluster_75
CCL3	cluster_75
SIRT6	cluster_75
IFNAR1	cluster_75
NLRX1	cluster_75
TUB	cluster_75
ASB2	cluster_75
IL1A	cluster_75
PPP1CA	cluster_75
ARFIP2	cluster_75
LILRB2	cluster_75
PRKAB1	cluster_75
GAL	cluster_75
AP2B1	cluster_75
PPM1L	cluster_75
SF1	cluster_75
TNFRSF4	cluster_75
SOCS7	cluster_75
SHOC2	cluster_75
HTRA2	cluster_75
CISH	cluster_75
RPS15	cluster_75
NKD1	cluster_75
KCNA2	cluster_75
RAPGEF1	cluster_75
DAB2	cluster_75
CDCA8	cluster_75
CLK4	cluster_75
ELAVL4	cluster_75
Q59GY7	cluster_75
ITGB7	cluster_75
NR5A1	cluster_75
MACROD1	cluster_75
FGF3	cluster_75
CKS2	cluster_75
TJP3	cluster_75
OS9	cluster_75
A8K9W7	cluster_75
NSMCE2	cluster_75
GAP43	cluster_75
EPHB4	cluster_75
IGF2BP1	cluster_75
PDCD4	cluster_75
ITPR2	cluster_75
UNC5B	cluster_76
EIF3J	cluster_76
HIC1	cluster_76
FER	cluster_76
GLP1R	cluster_76
SULT4A1	cluster_76
IL18RAP	cluster_76
AKT2	cluster_76
MEGF10	cluster_76
REV1	cluster_76
PIN1	cluster_76
POFUT1	cluster_76
SAP30	cluster_76
PELI2	cluster_76
MAZ	cluster_76
CARD16	cluster_76
IRF9	cluster_76
TGFBR2	cluster_76
LAT2	cluster_76
RANBP2	cluster_76
HFE2	cluster_76
HIST2H2BC	cluster_76
FAM160B2	cluster_76
A0A024R7C1	cluster_76
EIF2S1	cluster_76
BUB1B	cluster_76
PUF60	cluster_76
APOE	cluster_76
MYL3	cluster_76
MYO1C	cluster_76
RASSF6	cluster_76
KIRREL	cluster_76
TNFSF13B	cluster_76
ANXA2	cluster_76
TNFSF13	cluster_76
CASP4	cluster_76
DDR1	cluster_76
FCGR1A	cluster_76
Q8IZZ5	cluster_76
WNK3	cluster_76
FOXH1	cluster_76
SMPD3	cluster_76
RIPK3	cluster_76
SQSTM1	cluster_76
DUSP1	cluster_76
RALBP1	cluster_76
CD36	cluster_76
SYTL1	cluster_76
WASF3	cluster_76
LYL1	cluster_76
TBX21	cluster_76
GSTA4	cluster_76
ADRB2	cluster_76
KCNH2	cluster_76
LSP1	cluster_76
RASSF2	cluster_76
CORO7	cluster_76
CCR5	cluster_76
C1QBP	cluster_76
AKR1B1	cluster_76
KIF20B	cluster_76
MYBBP1A	cluster_76
Q59GC5	cluster_76
EIF3E	cluster_76
DLL3	cluster_76
TP53TG5	cluster_76
KRT36	cluster_76
SDC1	cluster_76
HCLS1	cluster_76
IL16	cluster_76
IRAK3	cluster_76
MRVI1	cluster_76
THRB	cluster_76
CCL15	cluster_76
ITPR3	cluster_76
RABEP1	cluster_76
RAP2A	cluster_76
PDE4C	cluster_76
RPTOR	cluster_76
CHD8	cluster_76
PPM1M	cluster_76
SLC10A1	cluster_76
PAIP2	cluster_76
CCR9	cluster_76
RNF24	cluster_76
BACH2	cluster_76
GPC4	cluster_76
GIT2	cluster_76
CLK2	cluster_76
STK25	cluster_77
MEF2B	cluster_77
SOCS3	cluster_77
PPP1R3A	cluster_77
INSR	cluster_77
CDK14	cluster_77
CCDC6	cluster_77
TFDP3	cluster_77
NFIC	cluster_77
WBP11	cluster_77
ELMO1	cluster_77
CD14	cluster_77
CXCL9	cluster_77
ZC3HC1	cluster_77
MSX2	cluster_77
SOX9	cluster_77
NPM1	cluster_77
ARHGEF11	cluster_77
PTPRO	cluster_77
PPP3CC	cluster_77
NCK1	cluster_77
PLSCR3	cluster_77
STMN2	cluster_77
TIPIN	cluster_77
MPRIP	cluster_77
TSPAN6	cluster_77
KDM2B	cluster_77
EPRS	cluster_77
BAG6	cluster_77
JADE1	cluster_77
DACH1	cluster_77
HAS2	cluster_77
PIK3C3	cluster_78
NF1	cluster_78
ASF1B	cluster_78
F7	cluster_78
CPSF3	cluster_78
CARD17	cluster_78
SEC13	cluster_78
REPS2	cluster_78
FAAP20	cluster_78
LMNB1	cluster_78
SYNJ1	cluster_78
POLR2F	cluster_79
DBI	cluster_79
ENPEP	cluster_79
YWHAZ	cluster_79
CMTM3	cluster_79
CDC26	cluster_79
ATG4D	cluster_79
ABCA1	cluster_79
TAF7	cluster_79
PRMT8	cluster_79
VCPIP1	cluster_79
PRMT6	cluster_79
CP	cluster_79
BANK1	cluster_79
EYA3	cluster_79
PPP3R1	cluster_79
BMI1	cluster_79
SNAI1	cluster_79
GPR37	cluster_79
HIST1H2BJ	cluster_79
MTA1	cluster_79
UBA7	cluster_79
MAP4K1	cluster_79
PRKACB	cluster_79
NOS3	cluster_79
MMP9	cluster_79
DDX3X	cluster_79
PGR	cluster_79
MYD88	cluster_79
SORL1	cluster_79
FPR3	cluster_79
CABP1	cluster_79
CACNA1C	cluster_79
TUBA1A	cluster_79
RANBP3	cluster_79
NTF4	cluster_79
ATP6AP2	cluster_79
LCP1	cluster_79
KDM6A	cluster_79
MPO	cluster_79
HTR2C	cluster_79
CRYBB2	cluster_79
TBC1D7	cluster_79
RGS6	cluster_79
PVRL4	cluster_79
SLC25A1	cluster_79
PRDM2	cluster_79
NOL3	cluster_79
FNTA	cluster_79
NO66	cluster_79
ITGAE	cluster_79
EPHB1	cluster_79
PATZ1	cluster_79
WISP2	cluster_79
POU3F1	cluster_79
WNT16	cluster_79
ANK1	cluster_79
RILPL2	cluster_79
KDM2A	cluster_79
TLR8	cluster_79
JPH2	cluster_79
CALR	cluster_79
RSC1A1	cluster_79
GFRA1	cluster_79
MAGEA1	cluster_79
RAPGEF6	cluster_79
DTX3L	cluster_79
TPI1	cluster_79
RALGAPA2	cluster_79
MAPRE3	cluster_80
PIN4	cluster_80
NKIRAS1	cluster_80
CIITA	cluster_80
DOCK1	cluster_80
SLC12A2	cluster_80
CARD11	cluster_80
CASK	cluster_80
DLGAP5	cluster_80
SLC25A4	cluster_80
MBD1	cluster_80
MXD1	cluster_80
B3KT21	cluster_80
CAPZA2	cluster_80
OAS2	cluster_80
C9orf89	cluster_80
USP4	cluster_80
SSTR3	cluster_80
UCN2	cluster_80
PRPH	cluster_80
APBA3	cluster_80
SDCBP	cluster_80
Q6MZW8	cluster_80
HNRNPA0	cluster_80
CCR6	cluster_80
PELI3	cluster_80
UGT2B7	cluster_80
PPIB	cluster_80
LAMB2	cluster_80
FGFR1	cluster_80
KIR2DL1	cluster_80
LTF	cluster_80
GPS1	cluster_80
Q6AHX3	cluster_80
PDK3	cluster_80
CC2D1A	cluster_80
BCAR1	cluster_80
NOTCH1	cluster_80
CTDNEP1	cluster_80
MCM2	cluster_80
AKAP8	cluster_80
CLK1	cluster_80
TUFM	cluster_80
PTPN3	cluster_80
PHPT1	cluster_80
RPAP2	cluster_80
LFNG	cluster_80
NCS1	cluster_80
UIMC1	cluster_80
BACH1	cluster_80
CNTN1	cluster_80
NRIP1	cluster_80
MUS81	cluster_80
ZNF10	cluster_80
FLNA	cluster_80
NTRK3	cluster_80
ANXA4	cluster_80
RBP1	cluster_80
CTSG	cluster_80
P4HA2	cluster_80
STK38	cluster_80
MAPK1	cluster_80
CTNND2	cluster_80
NCAPG	cluster_80
EPS8	cluster_80
NRP1	cluster_80
KLC1	cluster_80
RSPO4	cluster_80
TUBB2B	cluster_80
MARK2	cluster_80
SERPINE1	cluster_80
RFC1	cluster_80
TESK1	cluster_80
CABYR	cluster_80
CCDC88C	cluster_80
HERC5	cluster_80
PTPRJ	cluster_80
REM1	cluster_80
USP9X	cluster_80
LGALS3	cluster_80
HIST2H2BF	cluster_80
EIF2A	cluster_80
PRL	cluster_80
CHKA	cluster_80
TEC	cluster_80
CLDN1	cluster_80
FBXW5	cluster_80
S100A4	cluster_80
AQP9	cluster_80
RASSF1	cluster_80
RGS4	cluster_80
GNG3	cluster_80
NPAT	cluster_81
IKBIP	cluster_81
SSB	cluster_81
ZMYND11	cluster_81
GAPDH	cluster_81
ORAI1	cluster_81
MAPK11	cluster_81
NRXN3	cluster_81
TERT	cluster_81
IFNA13	cluster_81
KRT8	cluster_81
TUBB4B	cluster_81
BECN1	cluster_81
LGR6	cluster_81
S100A8	cluster_81
PTPN2	cluster_81
ZYX	cluster_81
ARNT	cluster_81
FRS3	cluster_81
HCRTR1	cluster_81
POMC	cluster_81
LHB	cluster_81
MED12	cluster_81
AZI2	cluster_81
COPS4	cluster_81
APH1B	cluster_81
BMPR1A	cluster_81
ERC1	cluster_81
ADRB1	cluster_81
HOXA10	cluster_81
SAMHD1	cluster_81
ATXN3	cluster_81
SH2B1	cluster_81
NEK7	cluster_81
DDX20	cluster_81
NFKBIE	cluster_81
NCOA6	cluster_81
CCR1	cluster_81
CDC42BPB	cluster_81
STK17A	cluster_81
SRGAP3	cluster_81
NSD1	cluster_81
PARD6A	cluster_81
RPA1	cluster_81
RHOC	cluster_81
NUDT3	cluster_81
PRSS1	cluster_81
TNFSF9	cluster_81
RAB23	cluster_81
SLC9A3	cluster_81
KDM4B	cluster_81
DUOX1	cluster_81
TTBK1	cluster_81
EBAG9	cluster_81
B2RAH5	cluster_81
SESTD1	cluster_81
MYB	cluster_81
MAST2	cluster_81
ARAF	cluster_81
SOCS2	cluster_81
IL22RA2	cluster_81
BOC	cluster_81
TGIF1	cluster_81
PTPN4	cluster_81
STX5	cluster_82
OPRM1	cluster_82
DUSP7	cluster_82
ABL2	cluster_82
DUT	cluster_82
MAP1B	cluster_82
APOBEC3G	cluster_82
GAS1	cluster_82
MAPK4	cluster_82
CASP1	cluster_82
RUSC1	cluster_82
F11R	cluster_82
WDFY3	cluster_82
NCK2	cluster_82
GNG2	cluster_82
ACTL6A	cluster_82
ATG12	cluster_82
ORC6	cluster_82
SCNN1A	cluster_82
RFWD3	cluster_82
FRS2	cluster_82
GJA1	cluster_82
CRLF1	cluster_82
PARK2	cluster_82
PPIA	cluster_82
RNF8	cluster_82
LY9	cluster_82
FANCI	cluster_82
ACTB	cluster_82
CLCA1	cluster_82
GDF5	cluster_82
NRAS	cluster_82
CD3E	cluster_82
CDC25A	cluster_82
PROKR1	cluster_82
IBSP	cluster_82
MYCL	cluster_82
PTPN23	cluster_82
NOTCH4	cluster_82
PER2	cluster_82
PYDC1	cluster_82
PRKACG	cluster_82
RNF43	cluster_82
ZFP36L1	cluster_82
SELP	cluster_82
MED14	cluster_82
ST13	cluster_82
SUN2	cluster_82
GATA3	cluster_82
AKT3	cluster_82
MTNR1A	cluster_82
IL9	cluster_83
IFNA8	cluster_83
SP1	cluster_83
TAL2	cluster_83
CDC20	cluster_83
CUX1	cluster_83
TGM2	cluster_83
NIN	cluster_83
NES	cluster_83
CASQ2	cluster_83
ERCC6L	cluster_83
ASH1L	cluster_83
KRT5	cluster_83
RPH3A	cluster_83
MAP3K12	cluster_83
HMGN2	cluster_83
ATP2C1	cluster_83
ACTC1	cluster_83
SPOP	cluster_83
ADCY3	cluster_83
CDCA3	cluster_83
BAG4	cluster_83
CCL18	cluster_83
PRKDC	cluster_83
SLAMF1	cluster_83
F5	cluster_83
ARNTL	cluster_83
DEFA5	cluster_83
KLKB1	cluster_83
PIRT	cluster_84
FOSB	cluster_84
ITGA9	cluster_84
TBPL1	cluster_84
RECQL	cluster_84
CCL7	cluster_84
MFN2	cluster_84
TAGLN2	cluster_84
DCN	cluster_84
HIST2H3D	cluster_84
DCTN6	cluster_84
CXCR5	cluster_84
CNTNAP1	cluster_84
IL4R	cluster_84
ELANE	cluster_84
DCLRE1B	cluster_84
PDE10A	cluster_84
UBXN1	cluster_84
B4DLA6	cluster_84
INSL5	cluster_84
EIF5	cluster_84
MTCH2	cluster_84
HTT	cluster_84
AXIN1	cluster_84
COASY	cluster_84
RPLP2	cluster_84
ZEB2	cluster_84
MLLT1	cluster_84
RRAGD	cluster_84
DTX1	cluster_84
ADAM9	cluster_84
HIST2H2BE	cluster_84
RETNLB	cluster_84
MIP	cluster_84
IL18BP	cluster_84
A8K8W7	cluster_84
E2F1	cluster_84
EIF2B5	cluster_84
TEAD1	cluster_84
ATAD2	cluster_84
MYL2	cluster_84
NOS2	cluster_84
SERPINA3	cluster_84
ANGPT1	cluster_84
ALCAM	cluster_84
TRIP6	cluster_84
DUSP23	cluster_84
KCNB1	cluster_84
SHFM1	cluster_84
UBTF	cluster_84
EIF2AK3	cluster_84
HMMR	cluster_84
LCAT	cluster_84
RUFY2	cluster_84
HOXB9	cluster_84
POU2AF1	cluster_84
RFWD2	cluster_84
SLC7A1	cluster_84
RAD51	cluster_84
PSMC3	cluster_85
BRSK2	cluster_85
FST	cluster_85
EVL	cluster_85
FLT3LG	cluster_85
PRCC	cluster_85
GRK4	cluster_85
STK10	cluster_85
FGF18	cluster_85
B4DW78	cluster_85
STAMBP	cluster_85
HIF1AN	cluster_85
CCK	cluster_85
HNRNPU	cluster_85
KCTD11	cluster_85
SETMAR	cluster_85
CHRM4	cluster_85
MT2A	cluster_85
CCND3	cluster_85
STAT5A	cluster_85
CAPN2	cluster_85
A0A024RDL4	cluster_85
SMAD5	cluster_85
TTC1	cluster_85
UPF2	cluster_85
WNT2B	cluster_85
GAD2	cluster_85
NF2	cluster_85
BCL3	cluster_85
USP24	cluster_85
MIB2	cluster_85
TROAP	cluster_85
NUCKS1	cluster_85
IL18R1	cluster_85
RAB33B	cluster_85
HEBP1	cluster_85
PTH1R	cluster_85
TINF2	cluster_85
SPAG5	cluster_85
CBX1	cluster_85
WNT2	cluster_85
GFI1B	cluster_85
ZFYVE28	cluster_85
ALOX5AP	cluster_85
SSBP1	cluster_86
GRIN2B	cluster_86
CNN3	cluster_86
SLC11A1	cluster_86
GRIK2	cluster_86
ADAM10	cluster_86
DUSP11	cluster_86
ENDOG	cluster_86
CDCP1	cluster_86
G3BP1	cluster_86
PDHA1	cluster_86
LIMK2	cluster_86
CD226	cluster_86
TAF1A	cluster_86
IL12RB2	cluster_86
P2RX7	cluster_86
DDX5	cluster_86
ORC1	cluster_86
BCL2	cluster_86
SIK1	cluster_86
HBEGF	cluster_86
NCAPH	cluster_86
ENG	cluster_86
MLF1	cluster_86
TNKS2	cluster_86
ZDHHC16	cluster_86
ICOSLG	cluster_86
TUBA3E	cluster_86
PLSCR1	cluster_86
NEK2	cluster_86
PYGO1	cluster_86
TAPBP	cluster_86
STK17B	cluster_86
MTSS1	cluster_86
ADAM12	cluster_86
MRGPRX1	cluster_86
LY86	cluster_87
MAL	cluster_87
GLRB	cluster_87
DLG2	cluster_87
EIF3M	cluster_87
MED28	cluster_87
PRPF4B	cluster_87
TOP2A	cluster_87
V9HWC2	cluster_87
ADD2	cluster_87
IL24	cluster_87
S100A11	cluster_87
KALRN	cluster_87
V9HW25	cluster_87
MAD1L1	cluster_87
DAB2IP	cluster_87
FUBP1	cluster_87
CREBBP	cluster_87
VPS37B	cluster_87
IL13RA1	cluster_87
PTRH2	cluster_87
PTPRA	cluster_87
MBP	cluster_87
CRYGC	cluster_87
PKIA	cluster_87
NSF	cluster_87
XAB2	cluster_87
KRT14	cluster_87
ARVCF	cluster_87
KIF3A	cluster_87
MALT1	cluster_87
KIF11	cluster_87
BRE	cluster_87
RBPJ	cluster_87
LIF	cluster_87
CENPJ	cluster_87
SH3RF1	cluster_87
BTF3	cluster_87
OPRD1	cluster_87
PINX1	cluster_87
NCOA4	cluster_87
CCL21	cluster_87
PDE8A	cluster_87
AKAP12	cluster_88
Q59EE7	cluster_88
SH2D3A	cluster_88
MAP3K7	cluster_88
DRD2	cluster_88
DUSP2	cluster_88
MDM4	cluster_88
ETV5	cluster_88
AMBRA1	cluster_88
KIF5B	cluster_88
CLCF1	cluster_88
CCL24	cluster_88
KDM7A	cluster_88
RGS14	cluster_88
CARHSP1	cluster_88
N4BP1	cluster_88
PDCL	cluster_88
ARFGEF1	cluster_88
CLOCK	cluster_88
PRKCI	cluster_88
KPNB1	cluster_88
EPHA4	cluster_88
RRM2	cluster_88
IFNA17	cluster_88
IL20	cluster_88
MAPKAP1	cluster_88
NEIL2	cluster_88
TAOK2	cluster_88
MYCN	cluster_88
PPP2CA	cluster_88
PCSK1	cluster_88
EPHA5	cluster_89
SASH3	cluster_89
SH2D1A	cluster_89
SKP2	cluster_89
SH2B2	cluster_89
DMPK	cluster_89
TP53BP1	cluster_89
IL6R	cluster_89
SYNJ2BP	cluster_89
ZC3H18	cluster_89
RELA	cluster_89
FGG	cluster_89
PDE3B	cluster_89
CASP7	cluster_89
FHOD1	cluster_89
PLCG2	cluster_89
ANLN	cluster_89
CHRNA7	cluster_89
ARPC4	cluster_89
OTUD5	cluster_89
NOX5	cluster_89
NMBR	cluster_89
IFNL3	cluster_89
GNRH2	cluster_89
NANOG	cluster_89
TSC2	cluster_89
B2RAU8	cluster_89
RAG2	cluster_89
BCAP31	cluster_89
PRH2	cluster_89
PCGF6	cluster_89
RPS6KA3	cluster_89
BCAR3	cluster_89
RRAGB	cluster_89
HIST1H4C	cluster_89
TET3	cluster_90
AKAP5	cluster_90
RAD18	cluster_90
DYRK3	cluster_90
GUCA2A	cluster_90
HHAT	cluster_90
PKNOX1	cluster_90
CD28	cluster_90
BRSK1	cluster_90
CCL17	cluster_90
JUND	cluster_90
RNF2	cluster_90
CCL2	cluster_90
ZNF652	cluster_90
SMC6	cluster_90
NKRF	cluster_90
PTS	cluster_90
FZD9	cluster_90
LMTK2	cluster_90
PPP1CB	cluster_90
ATMIN	cluster_90
UBLCP1	cluster_90
RIPK4	cluster_90
KHDRBS2	cluster_90
FHIT	cluster_90
MEFV	cluster_90
PKD2L1	cluster_90
LRP1	cluster_90
PRDX1	cluster_90
IFIH1	cluster_90
RRAGA	cluster_90
UNG	cluster_90
PDGFRB	cluster_90
DOK3	cluster_90
SCML2	cluster_90
TMEM173	cluster_90
ORC5	cluster_90
SLC12A3	cluster_90
KIF2A	cluster_90
MYOG	cluster_90
PPP1R3D	cluster_90
PPARGC1A	cluster_90
EPHB6	cluster_90
ITCH	cluster_90
TRAT1	cluster_90
SEPT8	cluster_90
TTF1	cluster_90
SMC3	cluster_90
TNIK	cluster_90
MPLKIP	cluster_90
EFNA4	cluster_90
PSEN1	cluster_90
GPR1	cluster_90
CYP2B6	cluster_90
EIF4A2	cluster_90
Q9BRL5	cluster_90
S100A9	cluster_90
GRK6	cluster_90
PITPNM1	cluster_90
MMP13	cluster_90
PTPRH	cluster_90
CD244	cluster_90
EIF2B3	cluster_90
SOS2	cluster_90
PHLDA1	cluster_90
HDAC8	cluster_90
MAP2K5	cluster_90
ACACA	cluster_90
AGTR1	cluster_90
KLRD1	cluster_90
DUSP13	cluster_90
TNC	cluster_90
SASH1	cluster_90
ASAP3	cluster_90
UBE2M	cluster_90
IMPDH2	cluster_90
Q53ES7	cluster_90
RPS6KA2	cluster_90
TP53INP1	cluster_90
MPZL1	cluster_90
PELP1	cluster_90
MYL4	cluster_90
ITGA2	cluster_90
RRN3	cluster_90
GDF6	cluster_90
CD5	cluster_90
KDM1B	cluster_90
MSH3	cluster_90
HOMER2	cluster_90
IKBKAP	cluster_90
TP53AIP1	cluster_90
PSMA3	cluster_91
LAMTOR3	cluster_91
KISS1R	cluster_91
SRF	cluster_91
GULP1	cluster_91
BMP10	cluster_91
HES6	cluster_91
Q59E85	cluster_91
ATXN2L	cluster_91
RHOB	cluster_91
LINGO1	cluster_91
COX5B	cluster_91
GLRX	cluster_91
ETV6	cluster_91
RNF31	cluster_92
HEXIM1	cluster_92
NFIA	cluster_92
ACTN3	cluster_92
GDA	cluster_92
RPAP3	cluster_92
ING5	cluster_92
FLI1	cluster_92
PRPF3	cluster_92
ERG	cluster_92
PARP1	cluster_92
TIMELESS	cluster_92
TRPC7	cluster_92
RXFP4	cluster_92
BTLA	cluster_92
LRP5	cluster_92
PYGO2	cluster_92
SH3GL1	cluster_92
TAF12	cluster_92
Q59GK3	cluster_92
SIN3A	cluster_92
CACNA1E	cluster_92
COPS2	cluster_92
TPPP	cluster_92
SFRP4	cluster_92
MAST1	cluster_92
ASCL1	cluster_92
MYT1	cluster_92
STAP1	cluster_92
SOX6	cluster_92
HNRNPC	cluster_92
KARS	cluster_92
ODF2	cluster_92
GORASP2	cluster_92
SYT1	cluster_92
TRAF1	cluster_92
HIF3A	cluster_92
WDR48	cluster_92
FGFR2	cluster_92
CA9	cluster_92
CYP3A4	cluster_92
TNIP1	cluster_92
TFAP2B	cluster_92
LTBP1	cluster_92
PLP1	cluster_92
THY1	cluster_92
LMNA	cluster_92
SNAI2	cluster_92
RAB2A	cluster_92
SSH3	cluster_92
ZFHX3	cluster_92
RRAS2	cluster_92
KCNC4	cluster_92
RAP1GAP	cluster_92
BEST1	cluster_92
EIF2S2	cluster_92
PROKR2	cluster_92
MSN	cluster_92
BCL6	cluster_92
CNTN6	cluster_92
CDYL	cluster_92
DYNC1LI1	cluster_92
LTB4R2	cluster_92
NOXO1	cluster_92
ITGAV	cluster_92
GLIS3	cluster_92
MRGPRX2	cluster_92
EPO	cluster_92
TRIP12	cluster_92
AIMP2	cluster_92
MPDZ	cluster_92
FSHR	cluster_92
GLUD1	cluster_92
CTTN	cluster_92
MOB1A	cluster_92
TGS1	cluster_92
NEIL1	cluster_92
DAPK2	cluster_92
HNRNPUL1	cluster_93
OSGIN1	cluster_93
B4DGH1	cluster_93
NPHP1	cluster_93
CX3CL1	cluster_93
PPP1R14D	cluster_93
BIRC5	cluster_93
SIT1	cluster_93
MAVS	cluster_93
E2F3	cluster_93
GPC3	cluster_93
VPS28	cluster_93
TBR1	cluster_93
CDK7	cluster_93
PHF8	cluster_93
MOS	cluster_93
RPL12	cluster_93
COL1A1	cluster_93
MARCH5	cluster_93
SMAD7	cluster_93
PIK3R2	cluster_93
PBK	cluster_93
VAMP1	cluster_93
IL1RL1	cluster_93
TCF12	cluster_93
KRAS	cluster_93
TAB3	cluster_93
EEA1	cluster_93
SLC18A2	cluster_93
STIL	cluster_93
WNT4	cluster_93
MBTPS1	cluster_93
CDC5L	cluster_93
NFKBIB	cluster_93
COL2A1	cluster_93
TNFSF8	cluster_93
MIR17HG	cluster_93
IQGAP1	cluster_93
EIF4ENIF1	cluster_93
SLC26A5	cluster_93
PSMD4	cluster_93
RANBP9	cluster_93
MSH2	cluster_93
RASIP1	cluster_93
E2F5	cluster_93
ETV1	cluster_93
SRSF3	cluster_93
SOX4	cluster_93
CASP12	cluster_93
NEDD8	cluster_93
RAD50	cluster_93
PTRF	cluster_93
CDKN1C	cluster_93
SIAH2	cluster_93
NIFK	cluster_93
V9HWH0	cluster_93
MAGI2	cluster_93
MAP3K3	cluster_93
TPD52L1	cluster_93
FBXW8	cluster_93
GRIN1	cluster_93
IGSF8	cluster_93
DLL4	cluster_93
ANKRD6	cluster_93
GNAI3	cluster_93
ANP32A	cluster_93
VLDLR	cluster_93
KLRC3	cluster_93
TPBG	cluster_93
EIF2AK1	cluster_93
CCL20	cluster_93
TNFRSF18	cluster_93
PARK7	cluster_94
NLRP3	cluster_94
MYL1	cluster_94
TRPV5	cluster_94
TUBB4A	cluster_94
ADRM1	cluster_94
ARHGEF4	cluster_94
BMX	cluster_94
MLST8	cluster_94
SFN	cluster_94
LPXN	cluster_94
FCER1G	cluster_94
ILF3	cluster_94
CKS1B	cluster_94
JUP	cluster_94
PFKFB1	cluster_94
ADM2	cluster_94
PDZD3	cluster_94
STRADB	cluster_94
DTX4	cluster_94
MET	cluster_94
IL4	cluster_94
MPP5	cluster_94
CUL1	cluster_94
CRHR2	cluster_94
TRIB2	cluster_94
MNT	cluster_94
PDE7A	cluster_94
CCL16	cluster_94
PLA2G1B	cluster_94
TERF1	cluster_94
KRT19	cluster_94
PDX1	cluster_94
PDLIM7	cluster_94
PDE3A	cluster_94
VAV2	cluster_94
VCAN	cluster_94
TACSTD2	cluster_94
KCND1	cluster_94
RAD21	cluster_94
WHSC1	cluster_94
KLF1	cluster_94
CDR2	cluster_94
LDHC	cluster_94
CASC3	cluster_94
FASN	cluster_94
CASKIN1	cluster_94
TCEB1	cluster_94
BZRAP1	cluster_94
DUSP4	cluster_94
SLA2	cluster_94
ANGPT2	cluster_94
CD40	cluster_94
ITGAM	cluster_94
TNFRSF21	cluster_94
ERN2	cluster_94
MINA	cluster_94
LCP2	cluster_94
GRB7	cluster_95
RGS13	cluster_95
RGCC	cluster_95
UBE4B	cluster_95
TADA3	cluster_95
AGTR2	cluster_95
MDM2	cluster_95
WWP1	cluster_95
TAF1	cluster_95
NCOA1	cluster_95
ELF4	cluster_95
PLEKHG2	cluster_95
SMEK1	cluster_95
SSTR5	cluster_95
CBX3	cluster_95
NRG3	cluster_95
FSCN1	cluster_95
RARA	cluster_95
CTPS1	cluster_95
HIST1H2BD	cluster_95
PDK1	cluster_95
BRD2	cluster_95
UPF1	cluster_95
ATG5	cluster_95
IL20RA	cluster_95
KCNJ2	cluster_95
TNFRSF25	cluster_95
CAST	cluster_95
CMKLR1	cluster_95
NDP	cluster_95
PTPRR	cluster_95
PRKAG3	cluster_96
TGFB1	cluster_96
UBE2L3	cluster_96
PRKAG1	cluster_96
PLAUR	cluster_96
GIT1	cluster_96
TAGLN	cluster_96
KMT2A	cluster_96
RABGGTB	cluster_96
MCPH1	cluster_96
PADI3	cluster_96
HIST1H1E	cluster_96
GPM6A	cluster_96
DZIP3	cluster_96
RHO	cluster_96
CACNA1B	cluster_96
PPM1D	cluster_96
ITGA3	cluster_96
NFYB	cluster_96
ROS1	cluster_96
CTSF	cluster_96
SENP3	cluster_96
TIAM1	cluster_96
NEK11	cluster_96
FANCM	cluster_96
SYNCRIP	cluster_96
FASLG	cluster_96
RXFP1	cluster_96
LPAR1	cluster_96
KCNJ1	cluster_96
RGL2	cluster_96
SERPINB9	cluster_96
KCNN2	cluster_96
SMARCC1	cluster_96
CTSL	cluster_96
MIB1	cluster_96
SRI	cluster_96
NEDD4L	cluster_96
DCP1A	cluster_96
BDKRB2	cluster_96
SPAG9	cluster_96
PLSCR4	cluster_96
SLC22A18	cluster_96
KRT85	cluster_96
EVI5	cluster_96
PTPRM	cluster_96
ROBO1	cluster_96
PTPN13	cluster_96
MARCKS	cluster_96
ZNF350	cluster_96
RGS2	cluster_96
NANOS1	cluster_96
CREB3L2	cluster_96
DPY30	cluster_96
TNFRSF17	cluster_96
NR3C1	cluster_96
LMO4	cluster_96
IRF5	cluster_96
HDAC5	cluster_96
CCR4	cluster_96
XPC	cluster_96
A8K5M4	cluster_96
HDAC10	cluster_96
RSPO3	cluster_96
Q9UG98	cluster_96
IL1R2	cluster_96
EME1	cluster_96
ATF2	cluster_96
RBCK1	cluster_96
GPER1	cluster_96
EXOC7	cluster_96
CENPU	cluster_96
STAT3	cluster_96
LYZ	cluster_96
BID	cluster_96
GABRG2	cluster_96
KLF12	cluster_96
MAFF	cluster_96
PPP1CC	cluster_96
SYT11	cluster_96
GADD45A	cluster_96
F10	cluster_96
RFXANK	cluster_96
CIRBP	cluster_96
HSPA5	cluster_96
ID4	cluster_96
FUNDC1	cluster_96
TSKU	cluster_96
ORC2	cluster_96
SPRY2	cluster_96
CNTROB	cluster_97
NEFL	cluster_97
MCM5	cluster_97
PTPN18	cluster_97
CNP	cluster_97
EREG	cluster_97
TEAD4	cluster_97
ANAPC7	cluster_97
CXCR1	cluster_97
MAP2K6	cluster_97
RGS16	cluster_97
CRK	cluster_97
KLHL3	cluster_97
PDC	cluster_97
PSMC5	cluster_97
FMR1	cluster_97
FANCE	cluster_97
SLC29A1	cluster_97
KPNA3	cluster_97
CXCL5	cluster_97
GRB14	cluster_97
PPP1R9B	cluster_97
NR2F2	cluster_97
PDE1A	cluster_97
BTG2	cluster_97
BAMBI	cluster_97
FLT1	cluster_97
REST	cluster_97
PEA15	cluster_97
B4GALT1	cluster_97
TSSK4	cluster_97
ZEB1	cluster_97
HHIP	cluster_97
SMAD1	cluster_97
IFNL2	cluster_97
CD3EAP	cluster_97
IL21	cluster_97
APAF1	cluster_97
SNAP29	cluster_97
PAK4	cluster_97
URI1	cluster_97
PARD6G	cluster_97
CHMP4A	cluster_97
INA	cluster_98
Q547U9	cluster_98
EGLN2	cluster_98
UBE2L6	cluster_98
UBE2E1	cluster_98
HERC2	cluster_98
NEB	cluster_98
HAT1	cluster_98
POLI	cluster_98
CTNNA1	cluster_98
SRSF7	cluster_98
MAP3K13	cluster_98
DUSP12	cluster_98
PYGM	cluster_98
KLF2	cluster_98
PILRA	cluster_98
SLC4A4	cluster_98
CEP152	cluster_98
SMC1A	cluster_98
MCM10	cluster_98
PARP10	cluster_98
FZR1	cluster_98
PDCD5	cluster_98
CAMK2B	cluster_98
CEP164	cluster_98
IL7	cluster_98
KCNMA1	cluster_98
HOXB7	cluster_98
MYL12B	cluster_98
CAMLG	cluster_98
CSNK2A1	cluster_98
SIRT1	cluster_98
FGF6	cluster_98
EDA2R	cluster_98
AHCYL1	cluster_98
CASP14	cluster_98
SFTPD	cluster_98
PPP1R2	cluster_98
HAND1	cluster_98
WNT7A	cluster_98
RNF125	cluster_98
MAGEA11	cluster_98
PGC	cluster_98
ROBO4	cluster_98
MAML1	cluster_98
KIF23	cluster_98
TLR4	cluster_98
NTF3	cluster_98
NFATC4	cluster_98
FBXW7	cluster_98
STAM2	cluster_98
NR4A1	cluster_98
RRAGC	cluster_98
CORO1B	cluster_98
GALR2	cluster_98
FNBP1	cluster_98
DVL1	cluster_98
ANAPC11	cluster_98
USP7	cluster_98
KCNA3	cluster_98
MAP3K10	cluster_99
FAM64A	cluster_99
CDH5	cluster_99
PSMB10	cluster_99
TNFRSF12A	cluster_99
IHH	cluster_99
EIF4G1	cluster_99
TAF6	cluster_99
CNR1	cluster_99
PTPN7	cluster_99
ATF4	cluster_99
NACA	cluster_99
GHSR	cluster_99
CKAP2	cluster_99
ANKRD17	cluster_99
TAF13	cluster_99
CHN1	cluster_99
DOCK7	cluster_99
SNTG2	cluster_99
TRIM38	cluster_99
SH3GL2	cluster_99
MYBL1	cluster_99
DCLRE1C	cluster_99
CD46	cluster_99
BACE1	cluster_99
ZIC3	cluster_99
A8K503	cluster_99
SLK	cluster_99
NEDD9	cluster_99
PTPRS	cluster_99
MTMR4	cluster_99
IL20RB	cluster_99
CACNB4	cluster_99
MGP	cluster_99
Q59EH3	cluster_99
IRF3	cluster_99
ING2	cluster_99
KREMEN1	cluster_99
QDPR	cluster_99
NDEL1	cluster_99
C5AR1	cluster_99
NFKBIA	cluster_99
STAT5B	cluster_99
SCAP	cluster_99
SYN2	cluster_99
PIK3CG	cluster_99
TLX1	cluster_99
SUGT1	cluster_99
MAPK8IP3	cluster_99
PPP2R4	cluster_99
MAD2L2	cluster_99
SOST	cluster_99
STON2	cluster_99
USF1	cluster_99
CDKN2AIP	cluster_99
HIPK3	cluster_99
EEF1D	cluster_99
GMNN	cluster_99
FLT4	cluster_99
TMSB4X	cluster_99
FPR1	cluster_99
P2RY4	cluster_100
PIK3R1	cluster_100
UBE2D3	cluster_100
CXCL13	cluster_100
SH3GL3	cluster_100
GXYLT1	cluster_100
AAK1	cluster_100
TPD52	cluster_100
GKAP1	cluster_100
CISD2	cluster_100
HOMER1	cluster_100
KLHL25	cluster_100
CTLA4	cluster_100
RPSA	cluster_100
HSP90AB1	cluster_100
ITGB2	cluster_100
DFFB	cluster_100
CCL27	cluster_100
CYP3A5	cluster_100
RPL13A	cluster_100
CDK5RAP3	cluster_100
INSIG1	cluster_100
RUFY1	cluster_100
JMY	cluster_100
PIP4K2B	cluster_100
PTAFR	cluster_100
TBC1D1	cluster_100
VAV1	cluster_100
ACTG1	cluster_100
ADM	cluster_100
B7Z1Q3	cluster_100
KCNMB4	cluster_100
CACNA1A	cluster_100
GTF3C4	cluster_100
CDH15	cluster_100
RAB11FIP5	cluster_100
XAF1	cluster_100
TIAL1	cluster_100
KIR2DL4	cluster_100
GSPT2	cluster_100
DGKZ	cluster_100
B4DU40	cluster_100
CFLAR	cluster_100
ACHE	cluster_100
RGMA	cluster_101
RAPH1	cluster_101
STXBP1	cluster_101
MCHR2	cluster_101
TAF9	cluster_101
B4DHI4	cluster_101
YWHAH	cluster_101
MMP26	cluster_101
SGK2	cluster_101
ADD1	cluster_101
SORBS3	cluster_101
CALU	cluster_101
ZNF148	cluster_101
SNRK	cluster_101
VRK3	cluster_101
NLRP12	cluster_101
IL17RD	cluster_101
IL31RA	cluster_101
ASH2L	cluster_101
PAH	cluster_101
ADIPOR2	cluster_101
FKBP4	cluster_101
PTPN22	cluster_101
GLI1	cluster_101
B4DDH1	cluster_101
ZKSCAN3	cluster_101
PNCK	cluster_101
COIL	cluster_101
KHSRP	cluster_101
NRP2	cluster_101
CCR8	cluster_101
TASP1	cluster_101
MCOLN3	cluster_101
SPTBN2	cluster_101
IAPP	cluster_101
RBL1	cluster_101
TFPT	cluster_101
ATF6	cluster_101
BANF1	cluster_101
CAMP	cluster_101
KIF20A	cluster_101
GPC1	cluster_101
MUL1	cluster_101
IGHE	cluster_101
OSMR	cluster_101
S1PR1	cluster_101
ITGA10	cluster_101
TCEA2	cluster_101
CTNNAL1	cluster_101
CCAR2	cluster_101
MINK1	cluster_101
TGFBR3	cluster_101
TICAM1	cluster_101
CASP5	cluster_101
RUNX3	cluster_101
NUP50	cluster_101
CEBPZ	cluster_101
SARM1	cluster_101
NME1	cluster_101
TFPI	cluster_101
NUP210	cluster_101
YWHAB	cluster_101
UBE2A	cluster_101
RARG	cluster_101
GUSB	cluster_101
SPRED1	cluster_101
RNF168	cluster_101
PRDX3	cluster_101
CDC42BPA	cluster_101
YWHAQ	cluster_101
LDHA	cluster_101
YLPM1	cluster_101
PASK	cluster_101
EDN1	cluster_101
GDNF	cluster_101
MAP4K5	cluster_101
SETDB1	cluster_101
UBC	cluster_101
ADRBK1	cluster_101
DVL1P1	cluster_101
SELPLG	cluster_101
ALOX5	cluster_102
EFNB3	cluster_102
CRY1	cluster_102
ADIPOR1	cluster_102
PRKAR1B	cluster_102
INPPL1	cluster_102
CBLC	cluster_102
PRKD1	cluster_102
GNG12	cluster_102
USP25	cluster_102
MLH1	cluster_102
DEDD	cluster_102
MAFB	cluster_102
RARRES2	cluster_102
H2BFS	cluster_102
EXOC4	cluster_102
ADD3	cluster_102
GLI3	cluster_102
UNC119	cluster_102
GORASP1	cluster_102
DLG4	cluster_102
CRTC2	cluster_102
KLF11	cluster_102
WRAP53	cluster_102
RNF5	cluster_102
CDK2	cluster_102
TRIM27	cluster_102
NR5A2	cluster_102
MAP4K4	cluster_102
CFI	cluster_102
CDK1	cluster_54
