VEZT	cluster_0
GPR98	cluster_0
ADCY6	cluster_0
USH2A	cluster_0
VPS4B	cluster_1
NPFFR2	cluster_1
NPY1R	cluster_1
CHMP1A	cluster_1
NPVF	cluster_1
RBM15	cluster_2
SLC50A1	cluster_2
PSPN	cluster_2
POLR3F	cluster_2
EAF2	cluster_2
USHBP1	cluster_2
POMP	cluster_2
SBDS	cluster_2
NPW	cluster_2
CSTF2	cluster_2
STK16	cluster_2
NMUR2	cluster_2
LGI1	cluster_2
IL17B	cluster_2
XCL1	cluster_2
NPBWR1	cluster_2
ETFA	cluster_2
DCC	cluster_2
ASIP	cluster_2
CDKL5	cluster_2
CCS	cluster_2
NPFFR1	cluster_2
SCTR	cluster_2
EIF5A	cluster_2
ACP5	cluster_2
HCST	cluster_2
IL17A	cluster_2
NPS	cluster_2
IL27RA	cluster_2
GABPB1	cluster_2
OXT	cluster_2
NDUFA9	cluster_2
NTSR1	cluster_2
APOB	cluster_2
ARSA	cluster_2
ADAM22	cluster_2
NPB	cluster_2
DRG1	cluster_2
FLOT2	cluster_2
UBR5	cluster_2
PRLHR	cluster_2
XRCC2	cluster_2
ADAMTS1	cluster_2
VPS4A	cluster_2
LRRC4C	cluster_2
LRP4	cluster_2
POLR3D	cluster_2
HIPK1	cluster_2
TAC1	cluster_2
MT-ND6	cluster_2
NDUFB6	cluster_2
NMUR1	cluster_2
EAF1	cluster_2
FBLN5	cluster_2
EFEMP2	cluster_2
MRTO4	cluster_2
NPBWR2	cluster_2
POLR3C	cluster_2
NMS	cluster_2
CLDN16	cluster_2
VIPR1	cluster_2
IL25	cluster_2
MLX	cluster_2
NMU	cluster_2
PEX10	cluster_2
ATRN	cluster_2
SRP9	cluster_2
PREB	cluster_2
PCSK9	cluster_2
CD59	cluster_2
ULBP2	cluster_2
SDHB	cluster_2
USH1G	cluster_2
MEIS1	cluster_2
PSMA2	cluster_2
PAPOLA	cluster_2
ZDHHC5	cluster_2
NPFF	cluster_2
ETFB	cluster_2
EFTUD1	cluster_2
NPSR1	cluster_2
BRD7	cluster_2
NPY	cluster_2
SDHAF2	cluster_2
GABPB2	cluster_2
F13A1	cluster_2
SKOR1	cluster_2
GEMIN6	cluster_2
C8A	cluster_2
CHMP1B	cluster_2
SRPR	cluster_2
GFRA4	cluster_2
CLDN18	cluster_2
CXCL16	cluster_2
Q59FG9	cluster_2
CSTF1	cluster_2
NTSR2	cluster_2
SYMPK	cluster_3
NTS	cluster_3
LDLR	cluster_3
USH1C	cluster_3
C9	cluster_3
NDUFS3	cluster_3
KLRK1	cluster_3
HCFC1	cluster_3
NYX	cluster_3
ELN	cluster_3
CLDN19	cluster_3
IL17RB	cluster_3
POLR3G	cluster_3
ELL	cluster_3
TCEA1	cluster_4
SAR1A	cluster_4
DHPS	cluster_4
TNFSF11	cluster_4
CXCR6	cluster_4
LHX2	cluster_4
SON	cluster_4
SCT	cluster_4
PCDH15	cluster_4
NPY4R	cluster_4
GEMIN7	cluster_4
B0AZM1	cluster_4
MIR22HG	cluster_4
NPPC	cluster_4
FIP1L1	cluster_4
TRIM11	cluster_4
APLNR	cluster_4
UTS2	cluster_4
MLNR	cluster_4
TRPM1	cluster_4
PAGE4	cluster_4
E9KL23	cluster_4
HOOK2	cluster_4
NPR3	cluster_4
SRP14	cluster_4
LBX1	cluster_4
TACR2	cluster_4
MLXIP	cluster_4
QRFP	cluster_4
F13B	cluster_4
EBF1	cluster_4
DENND4A	cluster_4
CNTRL	cluster_4
MYO7A	cluster_4
PEX12	cluster_4
SAE1	cluster_4
TRPV2	cluster_4
TRDMT1	cluster_4
SDF2L1	cluster_4
CD27	cluster_4
NPY5R	cluster_4
FSTL3	cluster_4
OSTN	cluster_4
DICER1	cluster_4
HOXD9	cluster_4
SENP6	cluster_4
ZNF521	cluster_4
UHRF2	cluster_4
GFRA3	cluster_4
SRP54	cluster_4
ASPSCR1	cluster_4
IL17RA	cluster_4
LDB1	cluster_4
PGLYRP1	cluster_4
MPP1	cluster_4
MLN	cluster_4
SNRPA1	cluster_4
CD70	cluster_4
SNRPB2	cluster_4
QRFPR	cluster_4
CYFIP1	cluster_4
MOV10	cluster_4
FYCO1	cluster_4
PHOX2B	cluster_4
PQBP1	cluster_4
RAB7A	cluster_4
ARL2	cluster_4
SOD1	cluster_4
TIMD4	cluster_4
ARTN	cluster_4
GIP	cluster_4
GYPC	cluster_4
XCR1	cluster_4
NPR2	cluster_4
TARBP2	cluster_4
TXNL4A	cluster_4
VAMP2	cluster_4
SEPT12	cluster_4
OXTR	cluster_4
PCNP	cluster_4
IL27	cluster_4
PLXNC1	cluster_4
MSTN	cluster_4
PRLH	cluster_4
AGO1	cluster_4
VCPKMT	cluster_5
MYCBP	cluster_5
SEPT6	cluster_5
GIPR	cluster_5
TBCD	cluster_5
UTS2R	cluster_5
STX4	cluster_5
HSPA6	cluster_5
CCPG1	cluster_5
UBA2	cluster_5
TNFRSF11B	cluster_5
NCKAP1	cluster_5
RAD51D	cluster_5
MMP11	cluster_5
SEMA7A	cluster_5
HAVCR1	cluster_5
APLN	cluster_5
ADA	cluster_6
NEU1	cluster_6
CD2	cluster_6
RBPJ	cluster_6
PPM1H	cluster_6
TFG	cluster_6
PTGS2	cluster_6
NES	cluster_6
YTHDC1	cluster_6
MAFG	cluster_6
PTK2B	cluster_6
ISL1	cluster_6
APLF	cluster_6
IGF2BP1	cluster_6
PDCD1LG2	cluster_6
CASP10	cluster_6
ACLY	cluster_6
SAP18	cluster_6
TDG	cluster_6
BRD4	cluster_6
TNFRSF10C	cluster_6
PLD1	cluster_6
HSPB8	cluster_6
TTBK2	cluster_6
LHX1	cluster_6
IL2	cluster_6
PYGO2	cluster_6
CCR5	cluster_6
POLL	cluster_6
SNX1	cluster_6
ALDH1A1	cluster_6
PDK2	cluster_6
IKBKAP	cluster_6
RNF168	cluster_6
KCNJ1	cluster_6
LRRK1	cluster_6
SLC2A4RG	cluster_6
RFX5	cluster_6
F2RL1	cluster_6
TIAL1	cluster_6
Q59EE7	cluster_7
DES	cluster_7
SNTB2	cluster_7
MAPKAPK5	cluster_7
FGF22	cluster_7
DTX3L	cluster_7
C1S	cluster_7
CDC73	cluster_7
PRSS1	cluster_7
CAPZA1	cluster_7
CUL4A	cluster_7
ITGA6	cluster_7
KPNA4	cluster_7
TRIM8	cluster_7
UBXN1	cluster_7
BLNK	cluster_7
Q66SS1	cluster_7
PAN3	cluster_7
ARPC1B	cluster_7
SIRT2	cluster_7
PAX9	cluster_7
TPX2	cluster_7
CLCA2	cluster_7
CD247	cluster_7
DEFB104B	cluster_7
HIST2H2BE	cluster_7
EFNA2	cluster_7
CFL1	cluster_7
UNC5B	cluster_7
WNT1	cluster_7
RASSF1	cluster_7
RGS14	cluster_7
DPY30	cluster_7
ZYX	cluster_7
GRM7	cluster_7
SNCB	cluster_7
TJP3	cluster_7
ANAPC2	cluster_7
BGLAP	cluster_7
WISP2	cluster_7
IL22RA1	cluster_7
H2BFS	cluster_7
IL33	cluster_7
FZD4	cluster_7
CD244	cluster_7
UBE4B	cluster_7
TRIM63	cluster_7
PPARA	cluster_7
PDGFC	cluster_7
CSN2	cluster_7
PAH	cluster_7
TRAF3	cluster_7
CDCA7	cluster_7
Q9BSK3	cluster_7
DCK	cluster_7
ATRX	cluster_7
TRPV6	cluster_7
PTPRJ	cluster_7
CDK1	cluster_7
CACNA1C	cluster_7
MCHR1	cluster_7
VCL	cluster_7
TUBB6	cluster_7
RANBP1	cluster_7
ADRM1	cluster_7
DCTN6	cluster_7
IL26	cluster_7
CFTR	cluster_7
PTGER1	cluster_7
CCKBR	cluster_7
CASP7	cluster_7
MYCL	cluster_7
DNMT3L	cluster_7
FBXO11	cluster_7
CHMP4A	cluster_7
LPAR1	cluster_8
LILRB1	cluster_8
EPHA5	cluster_8
GNAS	cluster_8
FGF6	cluster_8
PDE5A	cluster_8
PCOLCE	cluster_8
SPDYA	cluster_8
GRM1	cluster_8
DNMT3A	cluster_8
INSIG1	cluster_8
DOCK1	cluster_8
RING1	cluster_8
RGS6	cluster_8
BRSK2	cluster_8
ADAM9	cluster_8
SMAD3	cluster_8
PTN	cluster_8
SULT4A1	cluster_8
PTPRF	cluster_8
LTK	cluster_8
EWSR1	cluster_8
TUBD1	cluster_8
RAP1A	cluster_8
PDE6D	cluster_8
MTMR2	cluster_8
CDK11A	cluster_8
RETNLB	cluster_8
PNPLA8	cluster_8
SSTR5	cluster_8
JADE1	cluster_8
PACSIN2	cluster_8
MRVI1	cluster_8
PTAFR	cluster_8
FZD9	cluster_8
TP53I3	cluster_8
Q59GY7	cluster_8
CRYAB	cluster_8
TAOK1	cluster_8
TRPM7	cluster_8
HIST3H3	cluster_8
STK36	cluster_8
PPHLN1	cluster_8
NRGN	cluster_8
LAMB2	cluster_8
FZD3	cluster_8
GRIN2A	cluster_8
HOXB8	cluster_8
ACTL6A	cluster_8
MOB1A	cluster_8
PKD2L2	cluster_8
ZBTB33	cluster_8
RBP1	cluster_8
HK1	cluster_8
CRYAA	cluster_8
MYCBP2	cluster_9
RECQL4	cluster_9
CDK7	cluster_9
ARFIP1	cluster_9
LY96	cluster_9
FLT3	cluster_9
IL18BP	cluster_9
RNF125	cluster_9
RIPK2	cluster_9
HIST1H2AM	cluster_9
IRAK1	cluster_9
CACNA1B	cluster_9
DNAJA3	cluster_9
CLK2	cluster_9
EPRS	cluster_9
TNFRSF4	cluster_9
SLC3A2	cluster_9
MMP2	cluster_9
USP9X	cluster_9
TDP2	cluster_9
SETD2	cluster_9
MBD1	cluster_9
PYGL	cluster_9
KRT19	cluster_9
RNF31	cluster_9
GRB2	cluster_9
HAVCR2	cluster_9
CHD1L	cluster_9
TRAF3IP1	cluster_9
MYLK2	cluster_9
ADCY2	cluster_9
SYNJ2BP	cluster_9
HES1	cluster_9
MAP1LC3C	cluster_9
B2RAH2	cluster_9
SLBP	cluster_9
MET	cluster_9
DAP	cluster_9
TOPBP1	cluster_9
UBE2B	cluster_9
FANCM	cluster_9
EP400	cluster_9
ATG16L1	cluster_9
PER1	cluster_9
SP4	cluster_9
GDF6	cluster_9
SNAI2	cluster_9
PRKAG3	cluster_9
SPHK1	cluster_9
CNTNAP4	cluster_9
IRF2	cluster_9
PITX2	cluster_9
DUSP23	cluster_9
HDAC2	cluster_9
CACNA1I	cluster_9
MMP8	cluster_9
RBBP5	cluster_9
EXOC5	cluster_9
PPARGC1A	cluster_9
CDC25C	cluster_9
GAB2	cluster_9
IGF2	cluster_9
PLEKHG2	cluster_9
TP53INP2	cluster_10
FEZ1	cluster_10
V9HW25	cluster_10
ECE1	cluster_10
HFE2	cluster_10
BMP15	cluster_10
RAG1	cluster_10
SSU72	cluster_10
MED14	cluster_10
LEF1	cluster_10
KCNQ3	cluster_10
FGF18	cluster_11
TIAM1	cluster_11
NO66	cluster_11
ETS1	cluster_11
IL12B	cluster_11
EHD1	cluster_11
ATAD2	cluster_11
MYBL1	cluster_11
ARHGEF2	cluster_11
RHO	cluster_11
RPN1	cluster_11
RB1CC1	cluster_11
HOXC9	cluster_11
ROBO4	cluster_11
LYL1	cluster_11
CGB5	cluster_11
ARFGEF1	cluster_11
CDK5R1	cluster_11
RIOK3	cluster_11
RAVER1	cluster_11
TLR6	cluster_11
NCS1	cluster_11
EIF3I	cluster_11
AK1	cluster_11
PPP1R14A	cluster_11
GTF2F2	cluster_11
BCL2	cluster_12
GABPA	cluster_12
PPM1E	cluster_12
SLA2	cluster_12
SHROOM3	cluster_12
GYS1	cluster_12
TRIB2	cluster_12
RAD21	cluster_12
PIK3CG	cluster_12
SUV39H2	cluster_12
CCNO	cluster_12
GRB10	cluster_12
FRS2	cluster_12
V9HWI5	cluster_12
MUC1	cluster_12
CD164	cluster_12
PIK3R4	cluster_12
CD3G	cluster_12
CSF3	cluster_12
NPHS1	cluster_12
PPARD	cluster_12
CD5	cluster_12
LAMTOR3	cluster_12
NR3C2	cluster_12
PLEC	cluster_12
ASF1A	cluster_12
VAV2	cluster_12
CCL22	cluster_13
DLG1	cluster_13
A0A024R693	cluster_13
SENP2	cluster_13
NLK	cluster_13
VHL	cluster_13
NFAM1	cluster_13
KCNB1	cluster_13
MT2A	cluster_13
TWIST1	cluster_13
POLR2A	cluster_13
IRF3	cluster_13
RABGGTB	cluster_13
OSTF1	cluster_13
NQO1	cluster_13
RORA	cluster_13
CSF1	cluster_13
C2	cluster_13
DUSP12	cluster_13
ETS2	cluster_13
SPDEF	cluster_13
NR1D1	cluster_13
HLA-C	cluster_13
NPM1	cluster_13
RGS3	cluster_13
SMAD5	cluster_13
OPRK1	cluster_13
ADRA1A	cluster_13
Q6AHX3	cluster_13
TCF12	cluster_13
DCAF7	cluster_13
CASP9	cluster_13
SH3BGRL	cluster_13
DYNLL2	cluster_13
PDK4	cluster_13
PAFAH1B1	cluster_13
KLK3	cluster_13
TINF2	cluster_13
PDGFB	cluster_13
PLEKHG6	cluster_13
HIC1	cluster_13
GCKR	cluster_13
RXFP3	cluster_13
MARK1	cluster_13
ATG10	cluster_13
HTR1B	cluster_13
UBR1	cluster_13
KLK2	cluster_13
IL10RB	cluster_13
CC2D1A	cluster_13
SSBP1	cluster_13
V9HWD6	cluster_13
PPP1R15A	cluster_13
CLASP2	cluster_13
FCRL3	cluster_13
RGMA	cluster_13
TGFBR2	cluster_13
DBNL	cluster_13
TNFSF13B	cluster_13
PITPNA	cluster_13
ATP5C1	cluster_13
NHEJ1	cluster_13
CD97	cluster_13
TSLP	cluster_13
MYF6	cluster_13
RPS6	cluster_13
UMOD	cluster_13
QDPR	cluster_13
ZEB2	cluster_13
LIN7B	cluster_13
DAPK1	cluster_13
HIRA	cluster_13
TRAF1	cluster_13
PRDM2	cluster_13
PRDX3	cluster_13
SSBP3	cluster_13
PPP1R8	cluster_13
PHF8	cluster_13
PIK3C2B	cluster_13
SLC4A3	cluster_13
ITM2B	cluster_13
SUPT16H	cluster_13
PAK7	cluster_13
CASP8AP2	cluster_13
MAPK8	cluster_13
IL1RN	cluster_13
MITF	cluster_13
ABCB1	cluster_13
GCNT1	cluster_13
SLC2A2	cluster_13
WIF1	cluster_13
CNTF	cluster_13
MATR3	cluster_14
CTDSPL	cluster_14
TIMP1	cluster_14
CRHR1	cluster_14
CGA	cluster_14
SERPINF1	cluster_14
PPP1R14C	cluster_14
COPS7A	cluster_14
HNRNPL	cluster_14
TUBA1B	cluster_14
RND1	cluster_14
MAP2K1	cluster_14
INS	cluster_14
TECPR1	cluster_14
BCKDK	cluster_14
CDK10	cluster_15
CD79B	cluster_15
IGFBP1	cluster_15
CLOCK	cluster_15
KDM6A	cluster_15
FGF4	cluster_15
PDGFRA	cluster_15
ABCC8	cluster_15
HTATIP2	cluster_15
TPH2	cluster_15
NR4A3	cluster_15
GDI1	cluster_15
PGF	cluster_15
PTPRA	cluster_15
TRPV5	cluster_15
NEIL2	cluster_15
DLG4	cluster_15
SNAP23	cluster_15
UCN	cluster_15
TCF7L2	cluster_15
IGF1R	cluster_15
HMMR	cluster_15
HAX1	cluster_15
LGALS3	cluster_15
CCL7	cluster_15
KCNA5	cluster_15
PPBP	cluster_15
GSK3A	cluster_16
HNRNPD	cluster_16
PAK1	cluster_16
NCKIPSD	cluster_16
HNRNPA0	cluster_16
STRADB	cluster_16
PPM1K	cluster_16
CCP110	cluster_16
PAK6	cluster_16
CXCL11	cluster_16
HVCN1	cluster_16
KDELR1	cluster_16
HMGN2	cluster_16
F2R	cluster_16
RPLP2	cluster_16
SNX2	cluster_16
CRY2	cluster_16
PSEN2	cluster_16
ARNT2	cluster_16
ITPR1	cluster_16
NRK	cluster_16
ORC4	cluster_16
MTBP	cluster_16
GJB2	cluster_16
TSGA10	cluster_16
PSMB5	cluster_16
MRAS	cluster_16
CRYBA4	cluster_16
STON2	cluster_16
GSK3B	cluster_16
CAPZB	cluster_16
GAST	cluster_16
NDUFV2	cluster_16
LBP	cluster_16
RALGAPA2	cluster_16
NCOR1	cluster_16
LIG4	cluster_16
TCEA2	cluster_16
SOX6	cluster_16
CRTC1	cluster_16
CAPNS1	cluster_16
CRYBA2	cluster_16
RRM2B	cluster_16
ORAI1	cluster_16
SIPA1	cluster_16
TUBA1A	cluster_16
CISD2	cluster_16
TLX1	cluster_16
CCL2	cluster_16
NMI	cluster_16
ACTN2	cluster_16
RASGRP1	cluster_16
PABPC1	cluster_16
MAGEA1	cluster_16
DNM2	cluster_16
PLSCR1	cluster_16
RMDN3	cluster_16
THOC5	cluster_16
CREB3L2	cluster_16
TREM1	cluster_16
XPC	cluster_16
TUBB2B	cluster_16
SAV1	cluster_16
SEMA4D	cluster_16
NRP2	cluster_16
MTCP1	cluster_16
PGC	cluster_16
PTCRA	cluster_16
IL24	cluster_16
SPRY3	cluster_16
LRIG1	cluster_16
RGS7	cluster_16
UBE2O	cluster_16
CCND2	cluster_16
SFRP2	cluster_16
SST	cluster_16
CCK	cluster_16
USP14	cluster_16
PYCARD	cluster_16
FGF3	cluster_16
PIM1	cluster_16
BCAR1	cluster_16
CP	cluster_16
ALPL	cluster_16
MAOA	cluster_16
SPEN	cluster_16
NFYC	cluster_16
TUT1	cluster_16
ORM1	cluster_16
CXCL10	cluster_16
STRA13	cluster_16
PPP1R3A	cluster_16
SORBS1	cluster_16
CTBP1	cluster_16
GMPS	cluster_16
PROKR1	cluster_16
SCRIB	cluster_16
SELE	cluster_16
POLR2B	cluster_16
OTUD5	cluster_16
SOCS4	cluster_17
GNRH1	cluster_17
CASQ2	cluster_17
SETD6	cluster_17
EEF1D	cluster_17
MVP	cluster_17
SNAP29	cluster_17
PTRF	cluster_17
SEPT1	cluster_17
BIRC3	cluster_17
ADD3	cluster_17
ITGAL	cluster_17
PLCG2	cluster_17
SPI1	cluster_17
ZAK	cluster_17
RPS19BP1	cluster_17
PLCB3	cluster_17
CD6	cluster_17
POLD2	cluster_17
KLF4	cluster_17
PPP2R5D	cluster_17
WHSC1	cluster_17
MCPH1	cluster_17
IL9	cluster_17
STRAP	cluster_17
GPI	cluster_17
SH3GL1	cluster_17
NDN	cluster_17
ERCC5	cluster_17
CNR1	cluster_17
DST	cluster_17
STAMBPL1	cluster_17
GPX1	cluster_17
CCL13	cluster_17
CETN2	cluster_17
V9HWA6	cluster_17
MYL4	cluster_17
PI4K2A	cluster_17
CDKN1A	cluster_18
KIF7	cluster_18
TIE1	cluster_18
KLRD1	cluster_18
SYK	cluster_18
RIPK4	cluster_18
V9HWA5	cluster_18
RAB3A	cluster_18
GPER1	cluster_18
UNG	cluster_18
ABCG2	cluster_18
PLK3	cluster_18
CCDC80	cluster_18
NPPA	cluster_18
EGR4	cluster_18
OPTN	cluster_18
CALCB	cluster_18
LTBR	cluster_18
CAST	cluster_18
NUMBL	cluster_18
MPDZ	cluster_18
ADD1	cluster_18
IFITM3	cluster_18
TEAD3	cluster_18
CBL	cluster_18
TAB2	cluster_18
PRKCD	cluster_18
MAPT	cluster_18
CPE	cluster_18
SIRPA	cluster_18
VAV1	cluster_18
CRB1	cluster_18
CCDC6	cluster_18
CLTA	cluster_18
CABIN1	cluster_18
ITGB5	cluster_18
PER2	cluster_18
HMGA2	cluster_18
PPIA	cluster_18
MASP2	cluster_18
BEST1	cluster_18
FCGR2C	cluster_18
DYRK2	cluster_18
CDON	cluster_18
MBD3	cluster_18
NOS3	cluster_18
LGR5	cluster_18
COMMD1	cluster_18
FZR1	cluster_18
SMC1A	cluster_18
PRNP	cluster_18
KNG1	cluster_18
RBBP7	cluster_18
CSNK1E	cluster_18
TYR	cluster_18
PHPT1	cluster_18
ARHGAP33	cluster_18
IL20RB	cluster_18
CSF1R	cluster_18
IFNG	cluster_18
CYCS	cluster_18
MTMR4	cluster_18
HIPK4	cluster_18
DISP1	cluster_18
DACT1	cluster_18
DNAJC9	cluster_18
SHB	cluster_18
UBASH3B	cluster_18
HSPA14	cluster_18
GABRG2	cluster_18
WAS	cluster_18
DUSP22	cluster_18
JAK2	cluster_18
PSMD1	cluster_18
DGKZ	cluster_18
PITX1	cluster_18
PTPRM	cluster_18
MSH6	cluster_18
HSPE1	cluster_18
ENG	cluster_18
MCOLN3	cluster_18
Q53FE8	cluster_18
DYRK1A	cluster_18
NTRK2	cluster_18
NDUFS4	cluster_18
SIRT1	cluster_18
MCF2	cluster_18
RAB11FIP2	cluster_18
CRLF1	cluster_18
TXNIP	cluster_18
GPHA2	cluster_18
KDR	cluster_18
WNT2B	cluster_18
SELP	cluster_19
PTMA	cluster_19
USO1	cluster_19
EIF1	cluster_19
DMAP1	cluster_19
CYTH2	cluster_19
ZIC1	cluster_19
BRAF	cluster_19
MYOD1	cluster_19
PTX3	cluster_19
GPM6A	cluster_19
SAA1	cluster_19
FZD6	cluster_19
TDGF1	cluster_19
CXCR2	cluster_19
HSPA4	cluster_19
PDCL	cluster_19
CCDC65	cluster_19
ITGB3	cluster_19
ENPEP	cluster_19
DOK7	cluster_19
LAMC2	cluster_19
SOCS1	cluster_19
DLAT	cluster_19
PTCH1	cluster_19
NF2	cluster_19
FAM160B2	cluster_19
ZFP91	cluster_19
PIK3CA	cluster_19
FBXO5	cluster_19
EIF2S2	cluster_19
SIAH1	cluster_19
SMAD6	cluster_19
ITGB7	cluster_19
SIT1	cluster_19
GLRA1	cluster_19
DDX20	cluster_19
GRK7	cluster_19
NFKB1	cluster_19
PELI1	cluster_19
YY1	cluster_19
NEU3	cluster_19
KCNH2	cluster_19
RPAP3	cluster_19
RANGAP1	cluster_19
CRADD	cluster_19
SERPINB4	cluster_19
CCR3	cluster_19
POLD1	cluster_19
SUV39H1	cluster_19
GATA1	cluster_19
APEX1	cluster_19
IL13	cluster_19
KLK4	cluster_19
APC	cluster_19
ATXN3	cluster_19
GFI1B	cluster_19
RNF24	cluster_19
KCNN2	cluster_19
GFAP	cluster_19
B2RAU8	cluster_19
TLE1	cluster_19
KIF4A	cluster_19
GIPC1	cluster_19
LIPE	cluster_19
KRT2	cluster_19
MID1	cluster_19
LYAR	cluster_19
TAP1	cluster_19
TUBB4B	cluster_19
DRD2	cluster_19
HIST1H2BK	cluster_19
TUBA4A	cluster_19
CLK4	cluster_19
ERCC4	cluster_19
GTF2B	cluster_19
NRG2	cluster_19
GLIS2	cluster_19
Q9P0T0	cluster_19
NR5A1	cluster_19
SIX1	cluster_19
NDFIP2	cluster_19
WWTR1	cluster_19
GNA12	cluster_19
PTPRE	cluster_19
BUB3	cluster_19
ASAP3	cluster_19
GHSR	cluster_19
PLK2	cluster_19
PRKCI	cluster_19
MMP16	cluster_19
SDCBP	cluster_19
MCM7	cluster_19
SETD7	cluster_19
PFKFB3	cluster_19
KSR2	cluster_19
SRSF3	cluster_19
LIMS1	cluster_19
USF2	cluster_19
WNT5B	cluster_20
AIRE	cluster_20
CABP1	cluster_20
CAMK1	cluster_20
TERF1	cluster_20
AIFM2	cluster_20
TRPC7	cluster_20
CYP3A5	cluster_20
CD274	cluster_20
CDK20	cluster_20
TJP2	cluster_20
Q9UFY1	cluster_20
S100A4	cluster_20
MAGI1	cluster_20
PGM1	cluster_20
ACKR1	cluster_20
SLC26A3	cluster_20
VMP1	cluster_20
ATG9A	cluster_20
GNRHR	cluster_20
FZD10	cluster_20
GSTP1	cluster_20
FOXA2	cluster_20
RPS27A	cluster_20
ACVRL1	cluster_20
NR0B2	cluster_20
SMPD1	cluster_20
CENPA	cluster_20
CLEC7A	cluster_20
PFKFB2	cluster_20
ESR1	cluster_20
ADAMTS13	cluster_20
FHOD3	cluster_20
TTN	cluster_20
LILRB4	cluster_20
NEFL	cluster_20
SYT6	cluster_20
AXL	cluster_20
B3KVH4	cluster_21
MAP4K5	cluster_21
FNBP1	cluster_21
RICTOR	cluster_21
SPTBN1	cluster_21
CAPZA2	cluster_21
TBX3	cluster_21
NDRG2	cluster_21
AKAP12	cluster_21
PROK2	cluster_21
HIST2H3D	cluster_21
GLI3	cluster_21
RMI2	cluster_21
STK3	cluster_21
GNAI3	cluster_21
MME	cluster_21
ACTA1	cluster_21
WRN	cluster_21
HRH4	cluster_21
PTTG1IP	cluster_21
TRAF3IP2	cluster_21
PDE4B	cluster_21
EEF1A2	cluster_21
HOXC10	cluster_21
FXR1	cluster_21
CTF1	cluster_21
HIF1AN	cluster_21
NLRC4	cluster_21
ITGB1	cluster_21
SERBP1	cluster_21
UBE3C	cluster_21
LIG1	cluster_21
HLA-A	cluster_21
FBXO31	cluster_21
ADRA2A	cluster_21
ECT2	cluster_21
XRCC1	cluster_21
SREBF1	cluster_21
TNFRSF10B	cluster_21
STIM1	cluster_21
SPTB	cluster_21
INA	cluster_21
MCM6	cluster_21
ROR2	cluster_21
KIFAP3	cluster_21
EFNB1	cluster_21
AANAT	cluster_21
CASP2	cluster_21
SYT1	cluster_21
MAPRE3	cluster_21
ADRBK1	cluster_21
APPL1	cluster_21
IL7	cluster_21
PTH2R	cluster_21
CLCF1	cluster_21
LTBP1	cluster_21
KPNA3	cluster_21
TAF1A	cluster_21
PHF20	cluster_21
CLIP3	cluster_21
A2M	cluster_21
ICAM1	cluster_21
NFATC4	cluster_22
FLI1	cluster_22
FANCC	cluster_22
CDK8	cluster_22
PTPN1	cluster_22
KCNN4	cluster_22
SLU7	cluster_22
SOD3	cluster_22
TGM2	cluster_22
YWHAH	cluster_22
ARVCF	cluster_22
APOE	cluster_22
AQP1	cluster_22
PDPK1	cluster_22
PCSK7	cluster_22
SLN	cluster_22
STARD10	cluster_22
FAM102A	cluster_22
NEUROD1	cluster_22
NRIP1	cluster_22
BAMBI	cluster_22
SLC9A3R2	cluster_22
ARF1	cluster_22
SHOC2	cluster_22
GLO1	cluster_22
PKIA	cluster_22
OXSR1	cluster_22
ARF6	cluster_22
ROR1	cluster_22
NEDD8	cluster_22
CDC25A	cluster_22
S100A11	cluster_22
POLD4	cluster_22
RGS18	cluster_22
MCF2L	cluster_22
IHH	cluster_22
KLF1	cluster_22
Q8NFJ4	cluster_22
SSTR3	cluster_22
GRAP	cluster_22
CDK4	cluster_22
B4DHI4	cluster_22
STAB2	cluster_22
TNKS2	cluster_22
ORC1	cluster_22
TNFRSF6B	cluster_22
CD40LG	cluster_22
ECM1	cluster_22
KIF20A	cluster_22
RBL2	cluster_22
NCBP2	cluster_22
HIST1H2BH	cluster_22
STAT6	cluster_22
SLC4A1	cluster_22
PRDX1	cluster_22
TLR1	cluster_22
FSHR	cluster_22
NME1	cluster_22
TAF12	cluster_22
RFC2	cluster_22
TRIM6	cluster_22
A0A024RDL4	cluster_22
LATS2	cluster_22
PTPN12	cluster_22
SHFM1	cluster_22
TPT1	cluster_22
MYT1	cluster_22
MYC	cluster_22
BRE	cluster_22
LY9	cluster_22
PF4	cluster_22
GJB6	cluster_22
Q4LE43	cluster_22
FLT4	cluster_22
HAS2	cluster_22
WEE1	cluster_22
PTPRO	cluster_22
EEF2K	cluster_22
GRP	cluster_22
OSMR	cluster_22
TLE2	cluster_22
PPP2R5B	cluster_22
TAP2	cluster_23
Q9BSD8	cluster_23
SPRY4	cluster_23
S100A7	cluster_23
PAK2	cluster_23
NSMCE2	cluster_23
MGST1	cluster_23
CRLF2	cluster_23
SNTG2	cluster_23
IRAK4	cluster_23
ATP1B1	cluster_23
DOT1L	cluster_23
KDM1A	cluster_23
Q59F12	cluster_23
PTK6	cluster_23
USP17L2	cluster_23
MYF5	cluster_23
GP1BB	cluster_23
ICMT	cluster_23
GRIK2	cluster_23
SUV420H2	cluster_23
IKBKG	cluster_23
PDCD10	cluster_23
CXCL3	cluster_23
PPM1A	cluster_23
ACTR3	cluster_23
TRIM23	cluster_23
ZMIZ1	cluster_23
CSNK2A1	cluster_23
PMAIP1	cluster_23
BLVRA	cluster_23
SF3B1	cluster_23
ARRB2	cluster_23
Q7Z370	cluster_23
TP53BP2	cluster_23
SUGT1	cluster_23
EIF3M	cluster_23
DYNC1LI1	cluster_23
EBAG9	cluster_23
NR1I3	cluster_23
NET1	cluster_23
SUV420H1	cluster_23
CYP17A1	cluster_23
SMARCC2	cluster_23
ANAPC7	cluster_24
RLN2	cluster_24
CTNND1	cluster_24
BACH1	cluster_24
SF3B4	cluster_24
TNFRSF13B	cluster_24
FGG	cluster_24
RAD17	cluster_24
MAPRE2	cluster_24
CASKIN1	cluster_24
CASC5	cluster_24
TNFSF4	cluster_24
CCL14	cluster_24
CDKN2D	cluster_24
CREM	cluster_24
NGF	cluster_24
POU5F1	cluster_24
TIMELESS	cluster_24
KDM1B	cluster_24
SNRNP70	cluster_24
FHL3	cluster_24
HMX3	cluster_25
HNRNPU	cluster_25
CIC	cluster_25
IFI16	cluster_25
REV1	cluster_25
GNAI2	cluster_25
GNAT1	cluster_25
UBLCP1	cluster_25
NDFIP1	cluster_25
CXCL5	cluster_25
CDC42BPA	cluster_25
PPP2CA	cluster_25
DSN1	cluster_25
HSPA5	cluster_25
LMTK2	cluster_25
HCRTR2	cluster_25
ACVR1B	cluster_25
RAE1	cluster_25
ZNF652	cluster_25
RAB33B	cluster_25
USP20	cluster_25
RFNG	cluster_25
INPPL1	cluster_25
DYNLRB1	cluster_25
SNCG	cluster_25
AKAP11	cluster_25
AGAP2	cluster_25
MKL2	cluster_25
BACH2	cluster_25
TESK1	cluster_26
PPP1R13B	cluster_26
Q53H33	cluster_26
PSME2	cluster_26
KL	cluster_26
MED1	cluster_26
PTPN9	cluster_26
PPP1R14D	cluster_26
RHOU	cluster_26
DAZAP1	cluster_26
Q59FS6	cluster_26
DHX36	cluster_26
CARD11	cluster_26
SPAG5	cluster_26
NME3	cluster_26
CCR8	cluster_26
CNBP	cluster_26
PDCD4	cluster_26
TRIP6	cluster_26
SSB	cluster_26
CTLA4	cluster_26
RABEP1	cluster_26
FGF5	cluster_26
HIP1	cluster_26
GRIP1	cluster_26
PPP2R5C	cluster_26
TCEB1	cluster_26
FANCG	cluster_26
GZMB	cluster_26
CARD14	cluster_26
TOP1	cluster_26
SETDB2	cluster_26
MSX1	cluster_26
PRKRIR	cluster_26
GCLM	cluster_26
AOC1	cluster_26
GADD45A	cluster_26
LIN7A	cluster_26
MEP1B	cluster_26
RASSF6	cluster_26
TAF15	cluster_26
FAM129A	cluster_26
KIF5B	cluster_26
IGF2R	cluster_26
SEMG2	cluster_26
KAT6A	cluster_26
CDC34	cluster_26
SDC3	cluster_26
SVIL	cluster_26
KIT	cluster_26
CFH	cluster_26
TRPM2	cluster_26
PPP1CC	cluster_26
TCL1A	cluster_26
AHSG	cluster_26
MAP1LC3A	cluster_26
SPARC	cluster_26
SLC22A18	cluster_26
PAK3	cluster_26
TET2	cluster_26
CDK9	cluster_26
DUSP4	cluster_26
HOXB9	cluster_26
ASPH	cluster_26
PINK1	cluster_26
MASP1	cluster_26
FHIT	cluster_26
PKM	cluster_26
FOXO4	cluster_26
GLUD1	cluster_26
TTF1	cluster_26
PTGES3	cluster_26
ACAN	cluster_26
CDK5RAP3	cluster_26
ALPP	cluster_26
TRPV1	cluster_26
SNX18	cluster_26
THBS2	cluster_26
KCNJ2	cluster_26
NEK11	cluster_26
PRM2	cluster_27
G3BP1	cluster_27
OTX1	cluster_27
ATG12	cluster_27
TIFA	cluster_27
E4F1	cluster_27
NFKBIZ	cluster_27
SLC6A4	cluster_27
STK26	cluster_27
DLL3	cluster_27
RRM2	cluster_27
DAK	cluster_27
PICK1	cluster_27
CCNT1	cluster_27
RSF1	cluster_27
TELO2	cluster_27
LMNA	cluster_27
SHANK2	cluster_27
GRK1	cluster_27
CD4	cluster_27
DOC2A	cluster_27
ITPRIPL1	cluster_27
TSHB	cluster_27
DACT2	cluster_27
PLP2	cluster_27
PTPRU	cluster_27
MPZL1	cluster_27
SNTG1	cluster_27
RALA	cluster_28
TSG101	cluster_28
PIN1	cluster_28
VCPIP1	cluster_28
CFB	cluster_28
CBX5	cluster_28
PSME3	cluster_28
MAF1	cluster_28
CARHSP1	cluster_28
VAV3	cluster_28
ANLN	cluster_28
IRS1	cluster_28
POGLUT1	cluster_28
PPP5C	cluster_28
G6PC	cluster_28
NME2	cluster_28
TXK	cluster_28
CCL18	cluster_28
RPS3	cluster_28
CCM2	cluster_28
HNRNPC	cluster_28
TRIOBP	cluster_28
LIN9	cluster_28
FYB	cluster_28
HTR2C	cluster_28
CAMK1G	cluster_28
USP21	cluster_28
CCR7	cluster_28
KLF12	cluster_28
FCGR3A	cluster_28
EPHB6	cluster_28
SSH3	cluster_28
HEY2	cluster_28
AP1M1	cluster_28
TNNI1	cluster_28
IFNGR1	cluster_28
UNC13B	cluster_28
PLK4	cluster_28
SPRY1	cluster_28
STAMBP	cluster_28
GDF5	cluster_28
ANKRD28	cluster_28
CDC45	cluster_28
CSE1L	cluster_28
DBI	cluster_28
PACSIN3	cluster_28
TLR10	cluster_28
SYNGAP1	cluster_28
ACPT	cluster_28
EREG	cluster_28
CCNC	cluster_28
GDF15	cluster_28
MAST1	cluster_28
LDHA	cluster_28
IL22RA2	cluster_28
MAP2	cluster_28
PDCD6IP	cluster_28
HMOX1	cluster_28
CISH	cluster_28
B3KMX0	cluster_28
SCN4A	cluster_28
ARFGEF2	cluster_28
UBE2E3	cluster_28
HNF1A	cluster_28
MAP3K7	cluster_28
CDR2	cluster_28
DSTN	cluster_28
ZNF148	cluster_28
S100A10	cluster_28
PPP1CA	cluster_28
DFNB31	cluster_28
PREX2	cluster_28
FKBP1A	cluster_28
INADL	cluster_28
UBA7	cluster_28
ACIN1	cluster_28
PDZK1	cluster_28
SLC2A4	cluster_28
PDK1	cluster_28
XBP1	cluster_28
CHUK	cluster_28
SIRT6	cluster_28
LHX4	cluster_28
STX5	cluster_28
GRPR	cluster_28
STAM	cluster_29
LIME1	cluster_29
PELI2	cluster_29
IL31RA	cluster_29
TPD52L1	cluster_29
MAPKAP1	cluster_29
P2RY4	cluster_29
RYK	cluster_29
PLG	cluster_29
BANK1	cluster_29
MARK3	cluster_29
CDX2	cluster_29
PPP2R4	cluster_29
CALM2	cluster_29
KTN1	cluster_29
LCK	cluster_29
TOP3A	cluster_29
RSPO1	cluster_29
C5	cluster_29
CACNB4	cluster_29
MOGS	cluster_29
PIK3CD	cluster_29
KDM4D	cluster_29
ING3	cluster_29
TLR8	cluster_29
EVL	cluster_29
TICRR	cluster_29
PPARG	cluster_29
CABLES1	cluster_29
RCOR1	cluster_29
CDK12	cluster_29
DCP1A	cluster_30
RELA	cluster_30
E2F5	cluster_30
RAB5B	cluster_30
AQP4	cluster_30
TLN1	cluster_30
YWHAE	cluster_30
NXPH1	cluster_30
TTI1	cluster_30
AKT1	cluster_30
TNFAIP1	cluster_30
DYNLL1	cluster_30
NUAK1	cluster_30
STK17A	cluster_30
ODC1	cluster_30
USP16	cluster_30
MLLT1	cluster_30
FANCL	cluster_30
SLC2A1	cluster_30
IL12A	cluster_30
TRIM29	cluster_30
CETN1	cluster_30
CTGF	cluster_30
CD300LB	cluster_31
LAMA4	cluster_31
BMP2	cluster_31
HABP4	cluster_31
DLK1	cluster_31
LGR4	cluster_31
HEBP1	cluster_31
RAP2A	cluster_31
PPM1B	cluster_31
SRPK1	cluster_31
FURIN	cluster_31
RRAGA	cluster_31
PTPN11	cluster_31
TSC22D3	cluster_31
STAU1	cluster_31
WWC1	cluster_31
WNT5A	cluster_31
AES	cluster_31
HDAC8	cluster_31
TEK	cluster_31
EIF2AK3	cluster_31
SIAH2	cluster_31
Q86SX1	cluster_31
ANGPTL1	cluster_31
B3KPF0	cluster_31
CORO1C	cluster_31
RNF25	cluster_31
IL10	cluster_31
PTS	cluster_31
FAS	cluster_31
CUEDC2	cluster_31
PRMT1	cluster_31
WDR5	cluster_31
MEF2D	cluster_31
FBLN1	cluster_31
CDC42BPB	cluster_31
SHC2	cluster_31
NDRG1	cluster_31
MAP1A	cluster_31
SF1	cluster_31
LITAF	cluster_31
GTF2A1L	cluster_31
RRM1	cluster_31
STC2	cluster_31
DVL2	cluster_31
ALOX5	cluster_31
NBR1	cluster_31
INSL5	cluster_31
STAM2	cluster_31
MAPKAPK2	cluster_31
SP7	cluster_31
DAB2IP	cluster_31
WNT8A	cluster_31
FRAT1	cluster_31
GRB7	cluster_31
IL11	cluster_31
SMARCA4	cluster_31
NREP	cluster_31
FREM1	cluster_31
SRF	cluster_31
CCL26	cluster_31
CAV1	cluster_31
YWHAQ	cluster_31
PDE10A	cluster_31
MCL1	cluster_31
NUMB	cluster_31
CXCR1	cluster_31
UBL5	cluster_31
LIMK2	cluster_31
MAGOH	cluster_31
DMTN	cluster_31
PNKP	cluster_31
BMP7	cluster_31
TNS3	cluster_31
A0A024R8X1	cluster_31
MAP2K7	cluster_31
GADD45GIP1	cluster_31
TLR9	cluster_31
S100B	cluster_31
PIAS3	cluster_31
GXYLT1	cluster_31
PCBP1	cluster_31
CNN3	cluster_31
ORC5	cluster_31
LIFR	cluster_31
TRAF6	cluster_31
NACA	cluster_31
BTK	cluster_31
GABARAPL3	cluster_31
AHCYL1	cluster_31
DSG1	cluster_31
GPR37	cluster_31
TUBA3C	cluster_31
BSPRY	cluster_31
AHNAK	cluster_31
DTL	cluster_31
SIGLEC6	cluster_31
MT-RNR2	cluster_31
KIR2DL4	cluster_31
AGTR1	cluster_32
CREB1	cluster_32
ACE	cluster_32
HOXA7	cluster_32
TGFB1I1	cluster_32
PACSIN1	cluster_32
MDM2	cluster_32
PKP4	cluster_32
ROCK1	cluster_32
PRKCG	cluster_32
GATA4	cluster_32
GUSB	cluster_32
PPP1CB	cluster_32
EIF4G2	cluster_32
EXOC4	cluster_32
EIF3H	cluster_32
TAL1	cluster_32
CMKLR1	cluster_32
CTNNA1	cluster_32
CFI	cluster_32
NMB	cluster_32
KIR2DL1	cluster_32
CTNNA2	cluster_32
EDARADD	cluster_32
TRAF2	cluster_32
PTPN6	cluster_32
USP10	cluster_32
DKK2	cluster_32
FEN1	cluster_32
ITPKA	cluster_33
TCEB3	cluster_33
CAB39	cluster_33
NFIA	cluster_33
RTKN	cluster_33
SFRP1	cluster_33
COL1A2	cluster_33
SNX9	cluster_33
SHARPIN	cluster_33
GLIS3	cluster_33
RFWD3	cluster_33
ASCL1	cluster_33
KCNA2	cluster_33
IRF8	cluster_33
NFU1	cluster_33
TNFRSF1A	cluster_33
ATG3	cluster_33
CACNG2	cluster_33
CASK	cluster_33
PRDM1	cluster_33
LCP1	cluster_33
DUSP14	cluster_33
DLGAP2	cluster_33
UCN2	cluster_33
CHD8	cluster_33
EPGN	cluster_33
ATG16L2	cluster_33
CCKAR	cluster_33
ASGR2	cluster_33
FOXL2	cluster_33
AKT2	cluster_33
GZMM	cluster_33
PDCD1	cluster_33
BAG3	cluster_33
DUSP16	cluster_33
MAP2K4	cluster_33
POLM	cluster_33
LIMD1	cluster_33
SRCIN1	cluster_33
NR0B1	cluster_33
DHFR	cluster_33
IL21R	cluster_33
SMURF2	cluster_33
CASP5	cluster_33
SLX4	cluster_33
GALP	cluster_33
BTRC	cluster_33
SMAD7	cluster_33
TYRP1	cluster_33
UPF1	cluster_33
LAMA3	cluster_33
STK11IP	cluster_33
WNK3	cluster_33
MBD4	cluster_33
A8K5M4	cluster_33
ADM2	cluster_33
ARHGEF7	cluster_33
VAMP1	cluster_33
GTF2H4	cluster_33
SYVN1	cluster_33
AURKB	cluster_33
ACO1	cluster_33
PDIA5	cluster_33
RHOT1	cluster_33
TYRO3	cluster_33
PPP1R3D	cluster_33
RGMB	cluster_34
INCA1	cluster_34
GTF2A2	cluster_34
BGN	cluster_34
SH3KBP1	cluster_34
PTPN21	cluster_34
STAG2	cluster_34
CNKSR1	cluster_34
POU4F1	cluster_34
MYH10	cluster_34
FGF9	cluster_34
SHPRH	cluster_34
GNAZ	cluster_34
MCM4	cluster_34
METTL1	cluster_34
SOS2	cluster_34
LILRB2	cluster_34
B2R8K8	cluster_34
NMRAL1	cluster_34
CAD	cluster_34
RWDD3	cluster_34
DUSP26	cluster_34
GTF3C4	cluster_34
MAML1	cluster_34
REV3L	cluster_34
FIGF	cluster_34
GH1	cluster_34
INVS	cluster_34
SYNJ1	cluster_34
IGSF8	cluster_34
TLR7	cluster_34
CCR6	cluster_34
TNF	cluster_34
FZD7	cluster_34
SMARCD3	cluster_34
RNF4	cluster_34
PPP2R1A	cluster_34
NCF1	cluster_34
INHBA	cluster_35
TACC1	cluster_35
CHMP4C	cluster_35
SERPINC1	cluster_35
SKP1	cluster_35
GRK4	cluster_35
IFNA8	cluster_35
CEBPD	cluster_35
LTA	cluster_35
HCN4	cluster_35
RPS6KA2	cluster_35
GEMIN4	cluster_35
MMP24	cluster_35
GATA6	cluster_35
SAMHD1	cluster_35
CA2	cluster_36
RPL5	cluster_36
ERCC8	cluster_36
RARB	cluster_36
KIF11	cluster_36
CBLL1	cluster_36
PI4KB	cluster_36
IL2RA	cluster_36
OCLN	cluster_36
GTF2H1	cluster_36
SPTBN2	cluster_36
RIN1	cluster_36
CD2AP	cluster_36
INSR	cluster_36
HLA-DRA	cluster_36
NCF2	cluster_36
SH3BP4	cluster_36
HOXA1	cluster_36
ABCC3	cluster_36
NIPSNAP1	cluster_36
UCN3	cluster_37
CASP12	cluster_37
HIST1H3B	cluster_37
MADD	cluster_37
OMG	cluster_37
RAD23A	cluster_37
PSMD2	cluster_37
NCOA3	cluster_37
BCL2L12	cluster_37
UBXN2B	cluster_37
GLI2	cluster_37
MAP4K3	cluster_37
BICD1	cluster_37
UBTF	cluster_37
PRKAG1	cluster_37
GCM1	cluster_37
FERMT2	cluster_37
LYN	cluster_37
MLKL	cluster_37
CD3E	cluster_37
ATR	cluster_37
CSF2RB	cluster_37
ATF1	cluster_37
ELOVL1	cluster_37
BCR	cluster_37
SHH	cluster_37
GTF3A	cluster_37
LMNB1	cluster_37
FGFR1OP	cluster_37
BCCIP	cluster_37
DHX33	cluster_37
ACAA2	cluster_37
SLIT1	cluster_37
BMPR1B	cluster_37
ESCO1	cluster_37
RRAGC	cluster_37
ATP1A1	cluster_37
NEDD9	cluster_37
KDM2A	cluster_37
DDX3X	cluster_37
EIF3E	cluster_37
CORO1B	cluster_37
TRIM28	cluster_37
MMP3	cluster_37
TCEB2	cluster_37
SAFB	cluster_37
A8K341	cluster_37
SEMA3C	cluster_37
MARCH5	cluster_37
CAMK2D	cluster_37
PDE1A	cluster_37
AICDA	cluster_37
Q659G9	cluster_37
RUFY1	cluster_37
DUSP19	cluster_37
COPS3	cluster_37
FBXO32	cluster_37
ANAPC10	cluster_37
EPHA3	cluster_37
C3AR1	cluster_37
CBY1	cluster_37
ELF3	cluster_37
CHRNA1	cluster_37
ITGB1BP2	cluster_37
TRIM16L	cluster_37
KCNIP3	cluster_37
PTEN	cluster_37
PSMB8	cluster_37
APH1B	cluster_37
TRIM14	cluster_37
CDT1	cluster_37
IL15RA	cluster_37
CDX1	cluster_37
TUBG1	cluster_37
ALDOA	cluster_37
BIRC5	cluster_37
GUCA2B	cluster_37
RHOB	cluster_37
PPP6C	cluster_37
HMGB1	cluster_37
STXBP2	cluster_37
BCAR3	cluster_37
KHDRBS2	cluster_37
MAP3K6	cluster_37
IL1B	cluster_37
NEK7	cluster_38
WNK2	cluster_38
RET	cluster_38
GTF2E1	cluster_38
CENPQ	cluster_38
PDP2	cluster_38
MAFA	cluster_38
CSF2	cluster_38
RPS6KA4	cluster_38
FANCI	cluster_38
MARCO	cluster_38
DROSHA	cluster_38
NGEF	cluster_38
KCNMA1	cluster_38
TGFB2	cluster_38
MAP3K2	cluster_38
XK	cluster_38
SSTR1	cluster_38
TBC1D10A	cluster_38
BACE1	cluster_38
PER3	cluster_38
LMNB2	cluster_38
PCGF6	cluster_38
ID4	cluster_38
SMARCC1	cluster_38
ELK1	cluster_38
CD44	cluster_38
ATG7	cluster_38
OPRL1	cluster_38
PHOX2A	cluster_38
TGFB1	cluster_38
SOX17	cluster_38
PRKDC	cluster_38
MIB2	cluster_38
PDE3B	cluster_38
TPH1	cluster_38
PRKG2	cluster_38
CNTROB	cluster_38
CAV2	cluster_39
SUB1	cluster_39
SPTLC1	cluster_39
GAD2	cluster_39
PLCB2	cluster_39
RARRES2	cluster_39
TBXA2R	cluster_39
GEMIN2	cluster_39
YWHAZ	cluster_39
SNTA1	cluster_39
NMBR	cluster_39
MAZ	cluster_39
NDP	cluster_39
E9PFZ0	cluster_39
PHACTR3	cluster_39
KCNIP2	cluster_39
MRGPRX2	cluster_39
GFRA1	cluster_39
PTH	cluster_39
PILRA	cluster_39
YAP1	cluster_39
LAT	cluster_39
NAB1	cluster_39
OSM	cluster_39
RAP1GAP	cluster_39
PHKA1	cluster_39
PLXNA2	cluster_39
ATRIP	cluster_39
HCRTR1	cluster_39
ATG14	cluster_39
NFX1	cluster_39
HIPK2	cluster_39
SKAP1	cluster_39
MCM3	cluster_39
DYRK1B	cluster_39
SNRPB	cluster_39
HIST1H2BL	cluster_39
BATF3	cluster_39
MSC	cluster_39
USP37	cluster_39
BCL3	cluster_39
FOXO6	cluster_39
CXCL13	cluster_39
CDYL	cluster_39
APBB1	cluster_39
Q59GC5	cluster_39
ZBTB16	cluster_39
THPO	cluster_39
PTGIR	cluster_39
PECAM1	cluster_39
ATP2B4	cluster_39
IL12RB1	cluster_39
PSMA4	cluster_39
CDH15	cluster_39
KISS1R	cluster_40
STIP1	cluster_40
MCM5	cluster_40
MED28	cluster_40
MSH2	cluster_40
FOS	cluster_40
PPP2R5A	cluster_40
TAF13	cluster_40
PRKCH	cluster_40
GTF2H5	cluster_40
ATF6	cluster_40
PIP5K1A	cluster_40
CDKN2C	cluster_40
HIST3H2BB	cluster_40
NCR1	cluster_40
ARHGAP35	cluster_40
PDZD2	cluster_40
PAK1IP1	cluster_40
MYL6B	cluster_40
GTF2H2	cluster_40
SPSB1	cluster_40
DEDD	cluster_40
ARNT	cluster_40
DLGAP1	cluster_40
SKAP2	cluster_40
PARD6G	cluster_40
CD55	cluster_40
IQGAP1	cluster_40
ACKR4	cluster_40
KCNQ1	cluster_40
SCAMP3	cluster_40
TBK1	cluster_40
FAM175A	cluster_40
CD40	cluster_40
RAD1	cluster_40
CD19	cluster_40
GFRA2	cluster_40
EFNA3	cluster_40
TNNI3	cluster_40
PSMB10	cluster_40
NUCKS1	cluster_40
RIMS1	cluster_40
SPRY2	cluster_40
ELAVL1	cluster_40
TCF3	cluster_40
DAP3	cluster_40
PTRH2	cluster_40
RPH3A	cluster_40
KRT85	cluster_40
CACNA1A	cluster_40
DUSP2	cluster_40
IL6ST	cluster_40
MCOLN2	cluster_40
PIK3CB	cluster_40
FCER1G	cluster_40
RACGAP1	cluster_40
EGR1	cluster_40
TUBA3E	cluster_40
ERBB3	cluster_40
DEDD2	cluster_40
SASH1	cluster_40
ING5	cluster_40
SPOP	cluster_40
POLK	cluster_40
SUFU	cluster_40
PDPK2P	cluster_40
NKX6-1	cluster_40
TNFAIP3	cluster_40
IGFBP4	cluster_40
A8K8W7	cluster_40
EZH2	cluster_40
SERPINE1	cluster_40
IREB2	cluster_40
E2F6	cluster_40
MAP3K1	cluster_40
TOR1AIP1	cluster_40
EIF3K	cluster_40
MCOLN1	cluster_40
RYR1	cluster_40
C6	cluster_40
ADM	cluster_40
MNX1	cluster_40
NFE2L2	cluster_40
MORC2	cluster_40
HRAS	cluster_40
CBFB	cluster_41
HDAC9	cluster_41
TRPC4AP	cluster_41
GLRX	cluster_41
PTGER2	cluster_41
JUN	cluster_41
MTF1	cluster_41
VIM	cluster_41
CIR1	cluster_41
LPXN	cluster_41
TGFA	cluster_41
ADAM19	cluster_41
PDHA2	cluster_41
PRKCA	cluster_41
GPR37L1	cluster_41
RPS15	cluster_41
PTPN23	cluster_41
MAP7	cluster_41
ETV5	cluster_41
SNCA	cluster_41
TFAP2C	cluster_41
VAPA	cluster_41
USP22	cluster_41
TASP1	cluster_41
KPNA1	cluster_41
SRSF7	cluster_41
CD74	cluster_41
FBXO7	cluster_41
SUMO3	cluster_41
SETD1B	cluster_41
KLF3	cluster_41
NR2C2	cluster_41
KAT2B	cluster_41
BTF3	cluster_41
USP28	cluster_41
MACROD1	cluster_41
COL2A1	cluster_41
IFNL3	cluster_41
UBR2	cluster_41
CXCR5	cluster_41
GABRB1	cluster_41
KIF2C	cluster_41
APC2	cluster_41
B4DU40	cluster_41
PPM1M	cluster_41
ITGAX	cluster_41
CTH	cluster_41
SFTPD	cluster_41
HRH1	cluster_41
HMGN1	cluster_41
NKX2-5	cluster_41
HSP90AB1	cluster_41
PKMYT1	cluster_41
CDCP1	cluster_41
IL22	cluster_41
PROM1	cluster_41
PROX1	cluster_41
PDK3	cluster_41
SYNCRIP	cluster_41
MAP4K4	cluster_41
DYNC1H1	cluster_41
PRIM2	cluster_41
PTPRN	cluster_41
IRF7	cluster_41
GRM3	cluster_41
SPNS1	cluster_41
CNTN6	cluster_41
KSR1	cluster_41
IL12RB2	cluster_41
SGK3	cluster_41
Q59GM6	cluster_41
AP2B1	cluster_41
MYRIP	cluster_41
AKT1S1	cluster_41
DDC	cluster_41
DOK3	cluster_41
ADORA1	cluster_41
POLR1B	cluster_41
MKI67	cluster_41
SFN	cluster_41
ASH2L	cluster_41
ZEB1	cluster_41
GCK	cluster_41
TGFBR1	cluster_41
ODF2	cluster_41
PMS2	cluster_41
CD163	cluster_41
CDC26	cluster_41
SMARCA5	cluster_41
LTB4R	cluster_41
EIF4G3	cluster_41
LPAR6	cluster_41
TROAP	cluster_42
WT1	cluster_42
MAP2K5	cluster_42
SOST	cluster_42
ULK1	cluster_42
SLC9A3R1	cluster_42
TRPV4	cluster_42
TXNRD1	cluster_42
NUP98	cluster_42
EIF4EBP2	cluster_42
CXCL1	cluster_42
MC4R	cluster_42
VCAN	cluster_42
IQGAP2	cluster_42
AMHR2	cluster_42
GLP1R	cluster_42
C4A	cluster_42
CCL1	cluster_42
SP100	cluster_42
SMG6	cluster_42
EGLN3	cluster_42
ZNF239	cluster_42
APLP2	cluster_42
NKD1	cluster_42
EEF2	cluster_42
B2R7U3	cluster_42
IKBKB	cluster_42
ORC6	cluster_42
MED6	cluster_42
DUSP13	cluster_42
AMOTL2	cluster_42
PLAUR	cluster_42
ARPC5	cluster_42
NRXN3	cluster_42
ARID4A	cluster_42
EPB41	cluster_42
SLC6A2	cluster_42
PARD6B	cluster_42
NHLRC1	cluster_42
Q59F91	cluster_42
TNFSF14	cluster_42
SATB1	cluster_42
POU4F2	cluster_42
VDR	cluster_42
CRKL	cluster_42
BRSK1	cluster_42
POPDC3	cluster_42
HIST1H2BN	cluster_42
SCN1A	cluster_42
IFT57	cluster_42
SERPINA5	cluster_42
RAB24	cluster_42
RALB	cluster_42
PTPN7	cluster_42
NTF3	cluster_42
LPAR2	cluster_42
TRIM21	cluster_42
MCHR2	cluster_43
CD300LF	cluster_43
DEFB103B	cluster_43
SLC47A1	cluster_43
DDIT3	cluster_43
COL1A1	cluster_43
BARD1	cluster_43
DENND3	cluster_43
RFWD2	cluster_43
ECSIT	cluster_43
PDE3A	cluster_43
TANK	cluster_43
TRPM4	cluster_43
SOCS6	cluster_43
B3KWN9	cluster_43
MYO1C	cluster_43
NUP88	cluster_43
NPAS2	cluster_43
NCOA4	cluster_43
SMARCA1	cluster_43
PIAS1	cluster_43
PIP4K2B	cluster_43
MST1R	cluster_43
WSB1	cluster_43
PDLIM7	cluster_43
TNK2	cluster_43
RORC	cluster_43
PALLD	cluster_43
TRIM27	cluster_43
RAPH1	cluster_43
NEK6	cluster_43
MAPK3	cluster_43
IKZF3	cluster_43
NRAS	cluster_43
AP3B1	cluster_43
SETD1A	cluster_43
ACVR2A	cluster_43
Q59EH3	cluster_43
HIST2H2BF	cluster_43
STX17	cluster_43
ZBTB17	cluster_43
PIK3R1	cluster_44
KHSRP	cluster_44
NKIRAS1	cluster_44
JAM3	cluster_44
CYP3A4	cluster_44
CRTC2	cluster_44
APBA3	cluster_44
TFDP1	cluster_44
CD63	cluster_44
GNG12	cluster_44
FKBP8	cluster_44
SOCS3	cluster_44
CRHR2	cluster_44
ANKRD6	cluster_44
DYNC1I2	cluster_44
GMFB	cluster_44
JPH2	cluster_44
TFDP2	cluster_44
MNAT1	cluster_44
EDA	cluster_44
PSMA3	cluster_44
ITPR3	cluster_44
CDC5L	cluster_44
PARN	cluster_44
EIF1AX	cluster_44
C1R	cluster_44
GJA5	cluster_44
MYOM1	cluster_44
RAB11FIP3	cluster_44
CHN2	cluster_44
FOXH1	cluster_44
RAB2A	cluster_44
CSNK1D	cluster_44
ACPP	cluster_44
MYL1	cluster_44
BCKDHA	cluster_44
CCND1	cluster_44
SMARCE1	cluster_44
HIST1H1E	cluster_44
VTN	cluster_44
IKBIP	cluster_44
TLR2	cluster_44
TRPC6	cluster_44
ACAP1	cluster_44
AVP	cluster_44
RUNX2	cluster_44
AIMP2	cluster_44
ALK	cluster_44
ARG1	cluster_44
ADH4	cluster_44
CEP152	cluster_44
LGALS1	cluster_44
ITGAE	cluster_44
ADAM12	cluster_44
APOBEC1	cluster_44
WNT9A	cluster_44
NFAT5	cluster_44
USP2	cluster_44
ZIC3	cluster_44
FASN	cluster_44
CKAP4	cluster_44
MOK	cluster_44
GRIA1	cluster_44
CRY1	cluster_44
IAPP	cluster_44
NLRP2	cluster_44
ADH1A	cluster_44
PRMT5	cluster_44
C9orf89	cluster_44
ITGA10	cluster_44
HSF1	cluster_44
CARD6	cluster_44
GALC	cluster_44
CNP	cluster_44
FN1	cluster_44
JDP2	cluster_44
APOBEC3G	cluster_44
CHN1	cluster_44
AHR	cluster_44
LRRK2	cluster_44
F11R	cluster_44
PTH1R	cluster_44
PTPN22	cluster_44
RXRG	cluster_44
POLDIP3	cluster_45
ING2	cluster_45
AP4B1	cluster_45
GALR1	cluster_45
HOXA9	cluster_45
NR2E3	cluster_45
DOK1	cluster_45
STK17B	cluster_45
MYSM1	cluster_45
TUBA1C	cluster_45
RALGDS	cluster_45
AMPH	cluster_45
ATF4	cluster_45
XRCC5	cluster_45
CNKSR2	cluster_45
CACNA1E	cluster_45
DDR2	cluster_45
DNM1L	cluster_45
HELLS	cluster_45
NFYB	cluster_45
ARHGAP5	cluster_45
TAGLN2	cluster_45
BFAR	cluster_45
JUNB	cluster_45
MAGI2	cluster_45
MIP	cluster_45
ZNF76	cluster_45
VIL1	cluster_45
PVRL4	cluster_45
EME1	cluster_45
LRP6	cluster_45
GNAO1	cluster_45
WASL	cluster_45
A8K270	cluster_45
BCL2L11	cluster_45
AMOT	cluster_45
CEBPE	cluster_46
MST1	cluster_46
MYD88	cluster_46
IL37	cluster_46
ANXA5	cluster_46
ACKR2	cluster_46
HIST1H2BD	cluster_46
F10	cluster_46
UTRN	cluster_46
IGHE	cluster_46
SI	cluster_46
NEFM	cluster_46
CDK2	cluster_46
IL23A	cluster_46
FRZB	cluster_46
ELK3	cluster_46
LAMB3	cluster_46
NR3C1	cluster_46
ATF3	cluster_46
COIL	cluster_46
CAMK2B	cluster_46
SHANK1	cluster_46
KAT8	cluster_46
BCLAF1	cluster_46
LRP1	cluster_46
PDIA4	cluster_46
LPL	cluster_46
CBX3	cluster_46
PGAM5	cluster_47
LIPC	cluster_47
ITGA5	cluster_47
CITED1	cluster_47
GTF2F1	cluster_47
SLIT2	cluster_47
SIK1	cluster_47
KAT2A	cluster_47
DAPP1	cluster_47
TSNAX	cluster_47
SERPINA3	cluster_47
EDC3	cluster_47
TAX1BP1	cluster_47
SYT4	cluster_47
DOK4	cluster_47
SLC1A3	cluster_47
HADHA	cluster_47
SH2B2	cluster_47
PSEN1	cluster_47
AAMP	cluster_47
GKAP1	cluster_47
E2F3	cluster_47
RAPGEF6	cluster_47
TERF2IP	cluster_47
ITGAM	cluster_47
MKNK2	cluster_47
RAB11A	cluster_47
TFEB	cluster_47
CAPRIN2	cluster_47
CD38	cluster_47
ARHGDIB	cluster_47
TRIM25	cluster_47
GNG3	cluster_48
CHD4	cluster_48
PAIP2	cluster_48
MKNK1	cluster_48
CREB3L1	cluster_48
COL3A1	cluster_48
PLRG1	cluster_48
HMGB2	cluster_48
TP53RK	cluster_48
KCNQ4	cluster_48
TNFRSF12A	cluster_48
CDK5	cluster_48
EIF3L	cluster_48
FOXC1	cluster_48
COASY	cluster_48
KARS	cluster_48
ABCA1	cluster_48
BUB1	cluster_48
KDM5C	cluster_48
EDA2R	cluster_48
Q59FX5	cluster_48
BDNF	cluster_48
TNFRSF13C	cluster_48
EPHB4	cluster_48
PLN	cluster_48
LAT2	cluster_48
SPRED2	cluster_48
ECHS1	cluster_48
SOCS5	cluster_48
SESN1	cluster_48
IL5RA	cluster_48
ZBP1	cluster_48
ADCY5	cluster_48
HGS	cluster_48
CLTCL1	cluster_48
CTNNBIP1	cluster_48
KRT31	cluster_48
SKP2	cluster_48
MAPK6	cluster_48
ILF2	cluster_48
FXYD1	cluster_48
SATB2	cluster_48
RRAGD	cluster_48
CXCL8	cluster_48
STAT5A	cluster_48
GSG2	cluster_48
CDC42SE1	cluster_48
HAND1	cluster_48
PDXP	cluster_48
RUVBL1	cluster_48
ZDHHC2	cluster_48
JAK3	cluster_48
EPHA6	cluster_48
CALCA	cluster_48
Q53G95	cluster_48
PDIA3	cluster_48
CEP85	cluster_48
CCT2	cluster_48
ANP32B	cluster_48
CRIP2	cluster_48
TMOD1	cluster_48
NCAPG	cluster_48
HHIP	cluster_48
BHLHE41	cluster_48
HSBP1	cluster_48
TUBB2A	cluster_48
GABARAPL1	cluster_48
VRK2	cluster_48
FANCE	cluster_48
LASP1	cluster_48
SIVA1	cluster_48
CEBPZ	cluster_48
ACTN1	cluster_48
AATK	cluster_48
CDCA8	cluster_48
ANO9	cluster_49
STAP1	cluster_49
SYP	cluster_49
TFPT	cluster_49
RPGRIP1L	cluster_49
TSC1	cluster_49
SMAD2	cluster_49
TRAT1	cluster_49
IL23R	cluster_49
PELI3	cluster_49
EEF1A1	cluster_49
SIKE1	cluster_49
NOL3	cluster_49
NTRK3	cluster_49
CCNA1	cluster_49
SIGLEC7	cluster_49
NELFCD	cluster_49
GHRL	cluster_49
HNRNPK	cluster_49
CCNA2	cluster_49
VPS28	cluster_49
ADAP1	cluster_49
GRIN1	cluster_49
ARHGEF18	cluster_49
MGA	cluster_49
PDE8A	cluster_49
PLA2G4A	cluster_49
NABP2	cluster_49
TNFRSF11A	cluster_49
PRKACB	cluster_49
CSF2RA	cluster_49
CASR	cluster_49
ARNTL	cluster_49
IL15	cluster_49
SOX4	cluster_49
NFYA	cluster_49
IRGC	cluster_49
CD81	cluster_49
ENOX2	cluster_49
BRCA2	cluster_49
RAD54L	cluster_49
DNAJC5	cluster_49
PRL	cluster_49
PHB2	cluster_49
SLC26A5	cluster_49
GNAI1	cluster_49
ASH1L	cluster_49
SEPT4	cluster_49
MIR17HG	cluster_49
TMED7	cluster_49
KCNE3	cluster_49
KCNK3	cluster_49
RGS4	cluster_49
PSIP1	cluster_49
PPP4C	cluster_49
CLIC5	cluster_49
TNFRSF21	cluster_49
SMG9	cluster_49
EHMT1	cluster_49
PBX3	cluster_49
STK38L	cluster_49
BZRAP1	cluster_49
NRG3	cluster_49
Q59GJ0	cluster_49
DIAPH2	cluster_49
EIF4ENIF1	cluster_49
LTF	cluster_49
RPS6KA3	cluster_49
ROBO3	cluster_49
RASGRP3	cluster_49
STXBP1	cluster_49
USP3	cluster_49
A0A024R7C1	cluster_49
RBSN	cluster_49
KAT5	cluster_49
ARHGAP22	cluster_49
NEFH	cluster_49
THOP1	cluster_49
MTCH2	cluster_49
ATP2A2	cluster_49
DDB2	cluster_49
NOS1	cluster_49
GLI1	cluster_49
COL18A1	cluster_49
PRKAR2A	cluster_50
MUS81	cluster_50
RAB23	cluster_50
CCL3	cluster_50
BMF	cluster_50
ERN1	cluster_50
V9HWH0	cluster_50
CAMKK1	cluster_50
UHMK1	cluster_50
CIB1	cluster_50
CREB3	cluster_50
MMP14	cluster_50
TSHR	cluster_50
INHA	cluster_50
PDE11A	cluster_50
UIMC1	cluster_50
EDNRB	cluster_50
NXF1	cluster_50
BNIP3L	cluster_50
AKAP9	cluster_50
ICAM4	cluster_50
FRAT2	cluster_50
SPRED1	cluster_50
FBXW7	cluster_50
CHEK1	cluster_50
GTF2H3	cluster_50
AHSP	cluster_50
KCTD11	cluster_50
CD151	cluster_50
CHKA	cluster_50
PSMA7	cluster_50
RAD23B	cluster_50
SYN2	cluster_50
KMT2D	cluster_50
ANKRD2	cluster_50
TFCP2	cluster_50
CD79A	cluster_51
UBE2S	cluster_51
XIAP	cluster_51
SFTPA1	cluster_51
CCR10	cluster_51
TCAP	cluster_51
ZFP36L1	cluster_51
HERC5	cluster_51
CHRNB1	cluster_51
CDC23	cluster_51
ELF4	cluster_51
ETV1	cluster_51
AGTR2	cluster_51
DLL1	cluster_51
PA2G4	cluster_51
B2RB33	cluster_51
NCK1	cluster_51
STIL	cluster_51
AMBRA1	cluster_51
CLDN4	cluster_51
EIF3C	cluster_51
MDC1	cluster_51
CMC4	cluster_51
GPS1	cluster_51
XDH	cluster_51
SMG8	cluster_51
RELB	cluster_51
ITGB3BP	cluster_51
KCNJ3	cluster_51
FCGR1A	cluster_51
NOTCH1	cluster_51
PINX1	cluster_51
STAT3	cluster_51
GTF2I	cluster_51
TTBK1	cluster_51
NCAPH	cluster_51
RND3	cluster_51
CCL16	cluster_51
E2F2	cluster_51
RRAGB	cluster_51
TFAP2B	cluster_51
AHSA1	cluster_51
PRMT8	cluster_51
UBE2V2	cluster_51
CD46	cluster_51
HIST2H2BD	cluster_51
FXN	cluster_51
GAPDH	cluster_51
CCL23	cluster_51
DPYD	cluster_51
MAPRE1	cluster_51
GALR3	cluster_51
BLK	cluster_51
NLRP12	cluster_51
LTB	cluster_51
SMPD3	cluster_51
SIK3	cluster_51
IFIT3	cluster_51
APH1A	cluster_51
FKBP5	cluster_51
FOXG1	cluster_51
SUPT20H	cluster_51
SEPT5	cluster_51
NKRF	cluster_51
SLC9A1	cluster_51
HCLS1	cluster_51
IFIT1	cluster_51
CYP19A1	cluster_51
TAOK2	cluster_51
VWF	cluster_51
CELF1	cluster_51
RPL12	cluster_52
ARHGEF11	cluster_52
UBE2E1	cluster_52
LTA4H	cluster_52
PPP2R3B	cluster_53
GRK6	cluster_53
NAIP	cluster_53
MT3	cluster_53
F7	cluster_53
CAND1	cluster_53
NUMA1	cluster_53
AIFM1	cluster_53
NLRP4	cluster_53
PARP1	cluster_53
PEBP1	cluster_53
NOS2	cluster_53
IL5	cluster_53
NRCAM	cluster_53
MAP3K4	cluster_53
TRRAP	cluster_53
EGF	cluster_53
DLGAP5	cluster_53
CUL5	cluster_53
PRPF4B	cluster_54
IFIH1	cluster_54
TNFRSF1B	cluster_54
MAP2K3	cluster_54
S100A9	cluster_54
CHEK2	cluster_54
ERBB2	cluster_54
EPS15	cluster_54
TBKBP1	cluster_54
CDH5	cluster_54
SIN3A	cluster_54
NEK9	cluster_54
KDM7A	cluster_54
SEPT3	cluster_54
PNOC	cluster_54
SV2A	cluster_54
LCP2	cluster_54
CAPN2	cluster_54
RSPO4	cluster_54
RAD51	cluster_54
DRD3	cluster_54
AP2M1	cluster_54
MYO5A	cluster_54
A9UF07	cluster_54
NSMAF	cluster_54
YEATS4	cluster_54
ITGA2B	cluster_54
FBXO6	cluster_54
ZNF622	cluster_54
ZNF692	cluster_54
RPA1	cluster_54
EGLN2	cluster_54
WNT9B	cluster_54
PDX1	cluster_54
RILPL2	cluster_54
TMEM173	cluster_54
EFNB2	cluster_54
PADI3	cluster_54
WNT4	cluster_54
SET	cluster_54
EXOSC9	cluster_54
ALDH1A2	cluster_54
RNF14	cluster_54
FOXO1	cluster_54
MRGBP	cluster_54
PAK4	cluster_54
NKX3-1	cluster_54
DISP2	cluster_54
TRPC5	cluster_54
SORBS3	cluster_54
NFIB	cluster_54
POT1	cluster_54
HGF	cluster_54
IL1RAP	cluster_54
USP6NL	cluster_54
FOXP3	cluster_54
CCL20	cluster_54
VDAC2	cluster_54
YWHAG	cluster_54
CHAF1B	cluster_54
PDIK1L	cluster_54
SERPIND1	cluster_54
CDH3	cluster_54
TNFSF8	cluster_54
FAM20C	cluster_54
HTRA2	cluster_55
PARK7	cluster_55
KLF8	cluster_55
HSPG2	cluster_55
ATG4D	cluster_55
STMN3	cluster_55
ANK1	cluster_55
RHEB	cluster_55
RGCC	cluster_55
APBA1	cluster_55
TRIO	cluster_55
EXO1	cluster_55
PPP3CA	cluster_55
EDN2	cluster_55
KIF20B	cluster_55
KCNJ5	cluster_55
SNX33	cluster_55
S1PR2	cluster_55
BCL2L2	cluster_55
EPM2A	cluster_55
POLH	cluster_55
ZFP36	cluster_55
MYL5	cluster_55
TNFSF10	cluster_55
TRIM33	cluster_55
MARK2	cluster_55
BAG6	cluster_55
NOXO1	cluster_55
GFI1	cluster_55
CCL5	cluster_55
MAP1B	cluster_55
RHOA	cluster_55
PIK3AP1	cluster_55
Q15607	cluster_55
HJURP	cluster_55
RXFP4	cluster_55
EFNB3	cluster_55
FSHB	cluster_55
KCNJ13	cluster_55
INCENP	cluster_55
KLF13	cluster_55
RPL10	cluster_55
A8K0H7	cluster_55
TGFBRAP1	cluster_55
SRSF1	cluster_55
IRF5	cluster_55
CRYGC	cluster_55
RAD9A	cluster_56
PRSS23	cluster_56
H2AFZ	cluster_56
ING1	cluster_56
TIRAP	cluster_56
NFE2L1	cluster_56
CARD8	cluster_56
ARRB1	cluster_56
HNRNPUL1	cluster_56
GPC3	cluster_56
TRPA1	cluster_56
GATA3	cluster_56
E2F1	cluster_56
KCNN1	cluster_56
VRK1	cluster_56
BAZ2A	cluster_56
AMH	cluster_56
DAB1	cluster_56
FLNA	cluster_56
CCNH	cluster_56
TFAM	cluster_56
REST	cluster_56
CRX	cluster_56
ZFYVE28	cluster_56
PCNT	cluster_56
TNFRSF10A	cluster_56
IRAK2	cluster_56
KDM4A	cluster_56
C2CD5	cluster_56
NAA10	cluster_56
PBK	cluster_56
PRKX	cluster_56
LGI3	cluster_56
PRKAR1A	cluster_56
SMN2	cluster_56
WDR83	cluster_56
YBX1	cluster_56
ALYREF	cluster_56
POU2F1	cluster_56
TYROBP	cluster_56
FAF1	cluster_56
PLA2G1B	cluster_56
RASA4	cluster_56
PSMC5	cluster_56
IRF4	cluster_56
NPPB	cluster_56
AVEN	cluster_56
THBD	cluster_56
SYNJ2	cluster_56
CDK5RAP2	cluster_56
CYP2C9	cluster_56
IL13RA2	cluster_56
ADRB2	cluster_56
RAD51C	cluster_56
UBE2R2	cluster_56
TFAP2A	cluster_57
MYBBP1A	cluster_57
LDHC	cluster_57
NOTCH2	cluster_57
CTSF	cluster_57
EPOR	cluster_57
CCND3	cluster_57
EPAS1	cluster_57
PTCH2	cluster_57
UVRAG	cluster_57
CCNB1	cluster_57
BARHL1	cluster_57
DDX5	cluster_57
MX1	cluster_57
RASGEF1A	cluster_57
HIST1H4C	cluster_57
A8K379	cluster_57
IFITM1	cluster_57
DGUOK	cluster_57
IL20RA	cluster_57
BNC1	cluster_57
SOX9	cluster_57
RHOC	cluster_57
ITGA1	cluster_57
XRCC4	cluster_57
EHMT2	cluster_57
DDR1	cluster_57
PAF1	cluster_57
KMT2A	cluster_57
MPL	cluster_57
PARP10	cluster_57
KLRC1	cluster_57
CEBPB	cluster_57
FDXR	cluster_57
FHOD1	cluster_57
SERPINB2	cluster_57
RABGEF1	cluster_57
SNPH	cluster_57
SCN2A	cluster_57
MYL2	cluster_57
GFPT1	cluster_58
S100A13	cluster_58
CA3	cluster_58
LCAT	cluster_58
NRTN	cluster_58
ENC1	cluster_58
DNER	cluster_58
ILK	cluster_58
MMP15	cluster_58
ITGA9	cluster_58
TIGIT	cluster_58
EVI5	cluster_58
MAPK4	cluster_58
ADRB1	cluster_58
IL9R	cluster_58
VEGFA	cluster_58
CASP1	cluster_58
PRC1	cluster_58
LEPR	cluster_58
N4BP1	cluster_58
HLA-DRB1	cluster_58
GIT1	cluster_58
GNGT1	cluster_58
CCR4	cluster_58
RAPGEF1	cluster_58
HIST1H2BB	cluster_58
FADD	cluster_58
Q96BA7	cluster_58
SNRK	cluster_58
TLR5	cluster_58
CHAMP1	cluster_58
SIX3	cluster_58
SLC12A1	cluster_58
CD28	cluster_58
SIRT3	cluster_58
NPR1	cluster_58
WASF1	cluster_58
EXTL1	cluster_58
SNAI1	cluster_58
TBL1XR1	cluster_58
JMY	cluster_58
HYAL2	cluster_58
KEAP1	cluster_58
SCAP	cluster_58
AFP	cluster_58
AIM2	cluster_58
NLGN1	cluster_58
USP24	cluster_58
ENPP2	cluster_58
RASSF2	cluster_58
SRSF2	cluster_58
NUDT3	cluster_58
CMA1	cluster_58
CD226	cluster_58
IFNL2	cluster_58
FES	cluster_58
PUF60	cluster_58
CREBZF	cluster_58
HES5	cluster_58
YLPM1	cluster_58
FHL5	cluster_58
BAD	cluster_58
WNT3	cluster_58
PCBP4	cluster_58
LRP5	cluster_58
MPLKIP	cluster_58
ADIPOR1	cluster_59
SKIL	cluster_59
TPST1	cluster_59
TGFB3	cluster_59
KRAS	cluster_59
ANP32A	cluster_59
AURKA	cluster_59
TET3	cluster_59
ETF1	cluster_59
DAPK3	cluster_59
SEMA3A	cluster_59
EIF2S1	cluster_59
B4DLA6	cluster_59
HMGA1	cluster_59
CNR2	cluster_59
DBN1	cluster_59
PBX1	cluster_59
PRPF3	cluster_59
SNW1	cluster_59
CYTH1	cluster_59
PHB	cluster_59
BCAM	cluster_59
SHCBP1	cluster_59
HEY1	cluster_59
PDGFA	cluster_59
TRPM8	cluster_59
SNX6	cluster_59
EIF4A2	cluster_59
KIAA0226	cluster_59
ELK4	cluster_59
GPRC5A	cluster_59
SMYD2	cluster_59
TEX14	cluster_59
TRAF5	cluster_59
GDA	cluster_59
GAP43	cluster_59
TNFRSF17	cluster_59
DOK2	cluster_59
ANXA4	cluster_59
PRPH	cluster_59
CHRM2	cluster_59
UHRF1	cluster_59
MAP3K5	cluster_59
FOXI1	cluster_59
PTPRT	cluster_59
RLN3	cluster_59
BAIAP2	cluster_59
EEA1	cluster_59
ADAMTS5	cluster_59
PAX8	cluster_59
UBE2V1	cluster_59
SUZ12	cluster_59
PTBP1	cluster_59
NFKBIA	cluster_59
BUB1B	cluster_59
SPHK2	cluster_59
RHOD	cluster_59
NPHS2	cluster_59
BRIP1	cluster_59
PSMC3IP	cluster_59
FLT3LG	cluster_59
BDKRB1	cluster_59
HRK	cluster_59
CLSPN	cluster_59
DUSP10	cluster_59
SCG2	cluster_59
TSPAN6	cluster_59
RBM17	cluster_59
EDAR	cluster_59
EFNA5	cluster_59
MAP9	cluster_59
RPS21	cluster_59
PPP1R9A	cluster_59
GNG2	cluster_59
SMARCAL1	cluster_59
NLGN4X	cluster_59
SH3GLB1	cluster_59
VPS72	cluster_59
NF1	cluster_59
DEPTOR	cluster_59
DDB1	cluster_59
EEF1B2	cluster_59
CTNNAL1	cluster_59
HIF1A	cluster_59
TIA1	cluster_59
NDE1	cluster_59
ID3	cluster_59
IL1R2	cluster_59
IL3RA	cluster_59
NFATC1	cluster_59
SCAMP1	cluster_59
ALOX5AP	cluster_59
FGF7	cluster_59
AXIN2	cluster_59
BBC3	cluster_59
OSBP	cluster_59
GRIA2	cluster_59
ACP1	cluster_59
JAG1	cluster_59
KCNE1	cluster_60
SLC9A5	cluster_60
RARG	cluster_60
TACSTD2	cluster_60
SDCCAG8	cluster_60
MOB1B	cluster_60
FOSB	cluster_60
PPP3CB	cluster_60
UCHL5	cluster_60
ITGB4	cluster_60
SERPINA1	cluster_60
XPO5	cluster_60
CCL21	cluster_60
IRAK1BP1	cluster_60
CTCF	cluster_60
DEF6	cluster_60
KIR2DL3	cluster_60
SLC25A1	cluster_60
TP53INP1	cluster_60
CDC42EP4	cluster_60
BMP4	cluster_60
ZDHHC9	cluster_60
RPL11	cluster_60
FLOT1	cluster_60
SNAPIN	cluster_60
HIST2H2AC	cluster_60
GCC1	cluster_60
IFNAR2	cluster_60
RAPGEF4	cluster_60
RRN3	cluster_60
GNB2L1	cluster_60
PRR5L	cluster_60
Q86T74	cluster_60
PGM3	cluster_60
XXYLT1	cluster_60
KDM3B	cluster_60
POLI	cluster_60
FMR1	cluster_60
HBEGF	cluster_60
HNF4A	cluster_60
DGKA	cluster_60
IL2RG	cluster_60
IBSP	cluster_60
FGF2	cluster_60
EZR	cluster_60
IL16	cluster_60
KCNK9	cluster_60
IL1RL1	cluster_60
SEPT9	cluster_60
PVRL2	cluster_60
ANGPTL4	cluster_60
MOS	cluster_60
P08107	cluster_60
AKAP5	cluster_60
FBXW11	cluster_60
PCSK2	cluster_60
MAPK11	cluster_60
PPY	cluster_60
PTTG2	cluster_60
TTL	cluster_60
CCL15	cluster_60
RUFY2	cluster_60
SLAMF1	cluster_60
POLR2E	cluster_60
SRC	cluster_60
FNTA	cluster_60
PDE4DIP	cluster_60
KCNMB4	cluster_60
CFLAR	cluster_60
RGS2	cluster_60
HDAC7	cluster_60
ABCC1	cluster_60
Q53SB5	cluster_60
GTF2A1	cluster_60
WDR48	cluster_60
BLM	cluster_60
PARK2	cluster_60
ENDOG	cluster_60
DNAJB1	cluster_60
XAF1	cluster_60
RBM8A	cluster_60
SCAF11	cluster_60
IFNLR1	cluster_60
ATOH1	cluster_60
EIF2B4	cluster_60
WNT3A	cluster_60
STAT2	cluster_60
MYO6	cluster_60
GCLC	cluster_60
OTUB1	cluster_60
ZNHIT1	cluster_60
TNFSF12	cluster_60
PKN1	cluster_60
DTX4	cluster_60
ERBB4	cluster_61
TNFSF15	cluster_61
ZFYVE9	cluster_61
BCL10	cluster_61
PPM1D	cluster_61
CDCA3	cluster_61
CDK11B	cluster_61
SARG	cluster_61
MAST3	cluster_61
TBXAS1	cluster_61
SCN3A	cluster_61
NUAK2	cluster_61
SORT1	cluster_61
ACVR1	cluster_61
PRKCQ	cluster_61
CENPJ	cluster_61
DUSP8	cluster_61
PLXNB1	cluster_61
PDE4D	cluster_61
EGFR	cluster_61
LHCGR	cluster_61
TESK2	cluster_61
KIFC1	cluster_61
TACC3	cluster_61
NOX4	cluster_61
HOMER1	cluster_61
CRIPT	cluster_61
XRCC3	cluster_61
PLAG1	cluster_61
SCML2	cluster_61
PAX7	cluster_61
SEPT8	cluster_61
ERAP1	cluster_61
TAB1	cluster_61
NFASC	cluster_61
DUOX1	cluster_61
DAG1	cluster_61
NCL	cluster_61
PAX5	cluster_61
SNAP25	cluster_61
TRAP1	cluster_61
SSH2	cluster_61
ACD	cluster_61
ETV4	cluster_61
HCRT	cluster_61
POP1	cluster_61
ZAP70	cluster_62
DSP	cluster_62
VCP	cluster_62
C7	cluster_62
CRIPAK	cluster_62
MAP4K2	cluster_62
NFIL3	cluster_62
PIP5K1C	cluster_62
CDC37	cluster_62
B0AZM9	cluster_62
FOXI2	cluster_62
PRDX6	cluster_62
COPS4	cluster_62
NOD1	cluster_62
NOXA1	cluster_62
NUP133	cluster_62
TMPRSS2	cluster_62
KCNA3	cluster_62
SLC18A2	cluster_62
RAB8A	cluster_62
MAST2	cluster_62
PIKFYVE	cluster_62
IL18RAP	cluster_62
HTT	cluster_62
USP25	cluster_62
AXIN1	cluster_62
PPP1R1B	cluster_62
DPYSL3	cluster_62
PIDD1	cluster_62
ARHGEF6	cluster_62
SOD2	cluster_62
NRXN1	cluster_62
TP53AIP1	cluster_63
LAMA1	cluster_63
MAGEA11	cluster_63
CASP8	cluster_63
PKD1L3	cluster_63
STMN1	cluster_63
E2F4	cluster_63
PAG1	cluster_63
IL11RA	cluster_63
PRR5	cluster_63
PKD1	cluster_63
Q59FK4	cluster_63
MTA1	cluster_63
FLNB	cluster_63
FPR1	cluster_63
Q9HA84	cluster_63
CDH1	cluster_63
CIITA	cluster_63
ERF	cluster_63
RPS6KB1	cluster_63
ITGB2	cluster_63
MAPK8IP3	cluster_63
SRXN1	cluster_63
RITA1	cluster_63
ADIPOQ	cluster_63
GRN	cluster_63
FGFR1	cluster_63
GRAP2	cluster_63
VPS37B	cluster_63
FGFR4	cluster_63
RAG2	cluster_63
KIRREL	cluster_63
CD47	cluster_63
CASP6	cluster_63
COX4I2	cluster_63
RAC1	cluster_63
MCM10	cluster_63
LFNG	cluster_63
SYTL1	cluster_63
MORF4L1	cluster_63
PRKCB	cluster_63
KIF2A	cluster_63
FUS	cluster_63
SKI	cluster_63
CASP3	cluster_63
TBX21	cluster_63
ARHGAP29	cluster_63
DDX58	cluster_63
AKAP8	cluster_63
NDC80	cluster_63
NAP1L1	cluster_63
LBR	cluster_63
GLMN	cluster_63
FAM64A	cluster_63
WAPAL	cluster_63
ACTC1	cluster_63
DMPK	cluster_63
HFE	cluster_63
SLC12A6	cluster_63
MAP3K14	cluster_63
MAP3K10	cluster_63
TLR4	cluster_63
CCL25	cluster_63
TBCB	cluster_63
MYOG	cluster_63
RBM38	cluster_63
NOD2	cluster_63
SCNN1A	cluster_63
SARM1	cluster_63
STK39	cluster_63
ARHGEF1	cluster_63
MEX3A	cluster_63
EIF3J	cluster_63
GDNF	cluster_63
ZC3HC1	cluster_63
GULP1	cluster_63
NSD1	cluster_63
RGL2	cluster_63
ICAM3	cluster_63
ADAM10	cluster_63
KAT6B	cluster_63
ACTA2	cluster_63
DLX5	cluster_63
PYGO1	cluster_64
SMG1	cluster_64
TAPBP	cluster_64
NKIRAS2	cluster_64
PSAP	cluster_64
SHOX	cluster_64
PTPRK	cluster_64
ZC3H18	cluster_64
MSX2	cluster_64
RPSA	cluster_64
CCL4	cluster_64
BMI1	cluster_64
UNC119	cluster_64
TRIM32	cluster_64
ATG4A	cluster_64
MALT1	cluster_64
SESTD1	cluster_64
SPTAN1	cluster_64
CUL1	cluster_64
TNC	cluster_64
CCNY	cluster_64
EPHA2	cluster_64
GPR75	cluster_65
CD36	cluster_65
PXN	cluster_65
RNF135	cluster_65
GXYLT2	cluster_65
ARHGEF12	cluster_65
RABAC1	cluster_65
SLK	cluster_65
IGFBP5	cluster_65
ENO1	cluster_65
MAPK14	cluster_65
COX5B	cluster_65
NSFL1C	cluster_65
GRIA4	cluster_65
RPA2	cluster_65
HIST1H1B	cluster_65
MIB1	cluster_65
CCNE2	cluster_65
ATG5	cluster_65
RAC3	cluster_65
GHR	cluster_65
WDFY3	cluster_65
DTNB	cluster_65
HIST1H1C	cluster_65
IFNAR1	cluster_65
MUL1	cluster_65
LMO4	cluster_65
HIST1H2BJ	cluster_65
EDN3	cluster_65
KHDRBS1	cluster_65
IL6R	cluster_65
ATG4B	cluster_65
KDM5A	cluster_65
DNM1	cluster_65
V9HWE1	cluster_65
PRLR	cluster_65
ITGB1BP1	cluster_65
SHC1	cluster_66
TRPC3	cluster_66
CHFR	cluster_66
UBE2A	cluster_66
CARM1	cluster_66
XPA	cluster_66
APTX	cluster_66
DUPD1	cluster_66
ABCC2	cluster_66
KREMEN1	cluster_66
HLA-E	cluster_66
CYBA	cluster_66
WIPI2	cluster_66
MBL2	cluster_66
DOK5	cluster_66
EFHD2	cluster_66
DUSP18	cluster_66
CHRM1	cluster_66
ENAH	cluster_66
STK38	cluster_66
Q53EL4	cluster_66
CDCA5	cluster_66
B3KTA3	cluster_66
UBE2D1	cluster_66
PPP1R2	cluster_66
BTC	cluster_66
CYP2B6	cluster_66
F3	cluster_66
PPP1R12C	cluster_66
CDKN2A	cluster_66
MXD1	cluster_66
HSPB1	cluster_66
PSMB9	cluster_66
CCDC88A	cluster_66
DDX17	cluster_66
PTPRB	cluster_66
SSH1	cluster_66
ANGPT1	cluster_66
VRK3	cluster_66
DPP4	cluster_66
POLB	cluster_66
C5AR1	cluster_66
LPAR3	cluster_66
ANAPC11	cluster_66
SMO	cluster_66
GAS1	cluster_66
MEFV	cluster_66
CRMP1	cluster_66
BDKRB2	cluster_66
TSC2	cluster_66
ERG	cluster_66
WWOX	cluster_66
TCF4	cluster_66
D9IAI1	cluster_66
EIF3F	cluster_66
SLC29A1	cluster_66
LIF	cluster_66
EDF1	cluster_66
MAP3K8	cluster_66
RASGRP2	cluster_66
SUN2	cluster_66
MARS	cluster_66
SMARCA2	cluster_66
RPL8	cluster_66
UBC	cluster_66
SOCS2	cluster_66
IL1R1	cluster_66
KDM4C	cluster_66
CHMP4B	cluster_66
MAPK8IP2	cluster_66
ITGB6	cluster_66
KCND2	cluster_66
PDGFRB	cluster_66
KIF3A	cluster_66
LIN7C	cluster_66
RGS10	cluster_66
PCM1	cluster_66
KCNC4	cluster_66
AGER	cluster_66
DIAPH1	cluster_66
SLC6A3	cluster_66
GPSM2	cluster_66
NSF	cluster_66
TMF1	cluster_66
KRT5	cluster_66
LIMK1	cluster_66
PPP3CC	cluster_66
ATN1	cluster_67
A8K503	cluster_67
MBTPS2	cluster_67
CLDN3	cluster_67
URI1	cluster_67
VASP	cluster_67
GPR1	cluster_67
CAPN1	cluster_67
DBF4B	cluster_67
HMGCR	cluster_67
MIF	cluster_67
NOV	cluster_67
IL31	cluster_67
TRIB3	cluster_67
UBE2D2	cluster_67
SNCAIP	cluster_67
MAP3K9	cluster_67
WBP2	cluster_67
FOSL1	cluster_67
PDE6G	cluster_67
CXCR3	cluster_67
KCNJ4	cluster_67
CALU	cluster_67
KRT36	cluster_67
GNA15	cluster_67
HIST1H1A	cluster_67
NINL	cluster_67
NOX5	cluster_67
RNF2	cluster_67
FHL1	cluster_67
CLIP1	cluster_67
RBM14	cluster_67
TH	cluster_67
PLAGL2	cluster_67
PCLO	cluster_67
EIF3G	cluster_67
MYLK	cluster_67
HDAC3	cluster_67
OGT	cluster_67
CDK19	cluster_67
PRKAB1	cluster_67
AGRP	cluster_67
SLC10A1	cluster_67
RCC1	cluster_67
CACNB2	cluster_67
PROC	cluster_67
TSSK4	cluster_67
EIF2B5	cluster_67
FFAR4	cluster_67
MC3R	cluster_67
MATK	cluster_67
TIPRL	cluster_68
ISL2	cluster_68
SNIP1	cluster_68
STAP2	cluster_68
WNK4	cluster_68
WNK1	cluster_68
CTSD	cluster_68
DACH1	cluster_68
FOXO3	cluster_68
MLLT4	cluster_68
CENPE	cluster_68
CAMLG	cluster_68
GPC1	cluster_68
WDR62	cluster_68
BCL9	cluster_68
TNFSF13	cluster_69
CRYBA1	cluster_69
GAS2	cluster_69
NPY2R	cluster_69
SLC5A3	cluster_69
LAMC1	cluster_69
CGN	cluster_69
PTPN13	cluster_69
TUBB4A	cluster_69
ST8SIA4	cluster_69
ITPR2	cluster_69
CDKN1C	cluster_69
SLC11A1	cluster_69
LAMA2	cluster_69
KLF11	cluster_69
SERPINB9	cluster_69
MSR1	cluster_69
AURKC	cluster_69
KLF10	cluster_70
MAL	cluster_70
TRAF4	cluster_70
MYL9	cluster_70
ITGAV	cluster_70
THRA	cluster_70
NCSTN	cluster_70
PIGR	cluster_70
KAT7	cluster_70
PRKACG	cluster_70
TF	cluster_70
TFAP4	cluster_70
LGMN	cluster_70
ERCC6L	cluster_70
CEBPA	cluster_70
ROCK2	cluster_70
CHAF1A	cluster_70
ARPC2	cluster_70
MAD2L2	cluster_70
MYCN	cluster_70
REN	cluster_70
SIK2	cluster_70
SLC12A2	cluster_70
POU2F2	cluster_70
CHRNA7	cluster_70
DNMT1	cluster_70
JAM2	cluster_70
ADRBK2	cluster_70
MDK	cluster_70
B2R8B5	cluster_70
CCL8	cluster_70
NONO	cluster_70
PSMD4	cluster_70
GNAQ	cluster_70
PIM2	cluster_70
FANCF	cluster_70
POLR2F	cluster_70
HSPA8	cluster_70
PSMD6	cluster_70
ERLIN1	cluster_70
TYMS	cluster_70
UGT2B7	cluster_70
HUS1	cluster_70
BID	cluster_70
CDK2AP1	cluster_70
PATZ1	cluster_70
ACACA	cluster_70
BRAP	cluster_70
PRKD1	cluster_70
PVRL3	cluster_70
OPRD1	cluster_70
NFKBIB	cluster_70
RFC1	cluster_70
RNF8	cluster_70
LATS1	cluster_70
TOP2A	cluster_70
KMT2E	cluster_70
IP6K2	cluster_70
PDIA6	cluster_70
POLD3	cluster_70
HDAC5	cluster_70
RBM12B	cluster_70
ATXN1	cluster_70
SND1	cluster_70
KRT10	cluster_70
HIST1H2BO	cluster_70
DNMT3B	cluster_70
DUSP7	cluster_70
ANGPT4	cluster_70
NDUFB10	cluster_70
RNF146	cluster_70
KIZ	cluster_70
RFXANK	cluster_70
DYRK3	cluster_70
EYA3	cluster_70
RLF	cluster_70
TLK2	cluster_70
SGOL1	cluster_70
APPL2	cluster_70
PIP4K2A	cluster_70
ELANE	cluster_70
PDCD5	cluster_70
FAAP24	cluster_70
MAP2K6	cluster_70
PPP1R13L	cluster_70
UBE2N	cluster_71
SETD8	cluster_71
E2F7	cluster_71
TEAD2	cluster_71
CBR3	cluster_71
ADD2	cluster_71
NR1D2	cluster_71
CANX	cluster_71
HES6	cluster_71
ID1	cluster_71
SNF8	cluster_71
PAX2	cluster_71
EPX	cluster_71
TOB1	cluster_71
FGF17	cluster_71
RUNX3	cluster_71
PELP1	cluster_71
RB1	cluster_71
TNFRSF9	cluster_71
OSGIN1	cluster_71
PTPRD	cluster_71
SH2D2A	cluster_71
IL2RB	cluster_71
PML	cluster_71
HIPK3	cluster_71
TUBB	cluster_71
KCTD10	cluster_71
SREBF2	cluster_71
NLRP3	cluster_71
ANKHD1	cluster_71
PTPRC	cluster_71
KPNA6	cluster_71
MYL12B	cluster_71
MAX	cluster_71
CAT	cluster_71
NLRP10	cluster_71
SH3GL2	cluster_71
GTPBP2	cluster_71
GAD1	cluster_71
PMS1	cluster_71
KATNA1	cluster_71
SLC4A4	cluster_72
GBGT1	cluster_72
NR1I2	cluster_72
ATM	cluster_72
SUMO2	cluster_72
SIGLEC5	cluster_72
GABARAPL2	cluster_72
IL13RA1	cluster_72
COPS8	cluster_72
ADAMTS4	cluster_72
SDC2	cluster_72
PKNOX1	cluster_72
SGK2	cluster_72
PIK3C2A	cluster_72
Q53GA5	cluster_72
HTR2A	cluster_72
TTC3	cluster_72
HHEX	cluster_72
LHX3	cluster_72
IL4	cluster_72
Q59HH7	cluster_72
CTTN	cluster_72
RPA3	cluster_72
NSUN2	cluster_72
TAF6	cluster_72
GMCL1	cluster_72
MAP2K2	cluster_72
CBS	cluster_72
PPP1R3C	cluster_72
ASIC1	cluster_72
RXFP1	cluster_72
PRM1	cluster_72
CKS2	cluster_72
EGLN1	cluster_72
GABRB2	cluster_72
CX3CR1	cluster_72
MLH3	cluster_72
LRRC1	cluster_72
PIM3	cluster_72
BMPR2	cluster_72
RNF111	cluster_72
NRF1	cluster_72
GPC4	cluster_72
KDM5B	cluster_72
SS18L1	cluster_72
NR2F2	cluster_72
GOLGA3	cluster_72
DLG3	cluster_72
AKAP13	cluster_72
SLITRK1	cluster_72
MYB	cluster_72
PIK3C3	cluster_72
IL3	cluster_73
PLSCR4	cluster_73
P2RY1	cluster_73
TNFRSF10D	cluster_73
RANBP2	cluster_73
GLRX3	cluster_73
PLCB1	cluster_73
GMNN	cluster_73
STRADA	cluster_73
PGAM1	cluster_73
PRKD2	cluster_73
FBXO43	cluster_73
USP8	cluster_73
GOLPH3	cluster_73
CBX1	cluster_73
ADIPOR2	cluster_73
CARD18	cluster_73
PKD2	cluster_73
MYO18A	cluster_73
RNF43	cluster_73
TIMP3	cluster_73
CYLD	cluster_73
RCSD1	cluster_73
PRKCSH	cluster_73
SSRP1	cluster_73
FSCN1	cluster_73
EPHB1	cluster_73
CETN3	cluster_73
PIP5K1B	cluster_73
Q9H6U9	cluster_73
CDC6	cluster_73
SP1	cluster_73
TDP1	cluster_73
MYH9	cluster_73
COPS5	cluster_73
STAT1	cluster_73
CLTC	cluster_73
TUBA4B	cluster_73
FUBP1	cluster_73
MAD1L1	cluster_73
PTPN18	cluster_73
MAGED1	cluster_73
PAX3	cluster_73
HDAC6	cluster_73
MAFK	cluster_73
HERC2	cluster_73
B3KMX5	cluster_73
ERCC3	cluster_73
SEC16A	cluster_73
ATXN10	cluster_73
PLD2	cluster_73
PPFIA1	cluster_73
CALR	cluster_73
PYGM	cluster_73
CARD9	cluster_73
FGF1	cluster_73
DOK6	cluster_73
PNRC1	cluster_73
TRIM37	cluster_73
GDF11	cluster_73
RASSF7	cluster_73
CALCOCO2	cluster_73
CCR1	cluster_73
PDE1B	cluster_73
MEF2B	cluster_73
THRAP3	cluster_74
MXI1	cluster_74
DSG3	cluster_74
GDF2	cluster_74
TIPIN	cluster_74
EPHA7	cluster_74
FTH1	cluster_74
PSMA6	cluster_74
MPRIP	cluster_74
BCL2L1	cluster_74
NEB	cluster_74
PRTN3	cluster_74
CEBPG	cluster_74
FCER1A	cluster_74
PARVA	cluster_74
TEC	cluster_74
GJC1	cluster_74
BAZ1B	cluster_74
HOOK3	cluster_74
TXN	cluster_74
NEDD1	cluster_74
TNFSF18	cluster_74
MAP3K13	cluster_74
RASA1	cluster_74
CMTM3	cluster_74
RSPO3	cluster_74
Q59HG2	cluster_74
LSP1	cluster_74
A0A024R1D6	cluster_74
GCSAM	cluster_74
ARHGAP1	cluster_74
CTNND2	cluster_74
THY1	cluster_74
TGFBR3	cluster_74
MYOM2	cluster_74
CKS1B	cluster_74
B4DDH1	cluster_74
IL1A	cluster_74
EP300	cluster_74
LYZ	cluster_74
CORT	cluster_74
MAD2L1	cluster_74
CR2	cluster_74
RORB	cluster_74
NRG4	cluster_74
KCNA4	cluster_74
ARAF	cluster_74
DEFB106A	cluster_74
SLC30A9	cluster_74
PBRM1	cluster_74
PTPRH	cluster_74
DIXDC1	cluster_74
PLXNB2	cluster_74
MFN2	cluster_74
CEP55	cluster_74
CNOT8	cluster_74
GTSE1	cluster_74
ATG101	cluster_74
SMAD4	cluster_74
RASIP1	cluster_74
BATF	cluster_74
SETMAR	cluster_74
ALCAM	cluster_74
CDC25B	cluster_74
B3KT21	cluster_74
COL17A1	cluster_74
PHLPP2	cluster_74
MMP7	cluster_74
GABARAP	cluster_74
SHC3	cluster_74
TRAF7	cluster_74
YWHAB	cluster_74
KRT8	cluster_74
MAP3K11	cluster_74
DLC1	cluster_74
SH2B1	cluster_74
TSPY1	cluster_74
UQCRC2	cluster_74
UBE2T	cluster_74
CSNK1G2	cluster_74
TRPC4	cluster_74
IRF2BP1	cluster_74
ERBB2IP	cluster_74
CTSG	cluster_74
WASF2	cluster_74
GNG4	cluster_74
CTSH	cluster_74
RBBP8	cluster_74
FGA	cluster_74
ATXN2L	cluster_75
IRS2	cluster_75
RCAN1	cluster_75
PSMC6	cluster_75
EPB42	cluster_75
BOC	cluster_75
RNF5	cluster_75
GNB2	cluster_75
CTSV	cluster_75
SLA	cluster_75
BMP1	cluster_75
PDZD3	cluster_75
NDUFA13	cluster_75
AGT	cluster_75
IRS4	cluster_75
ACTR3B	cluster_75
RECQL	cluster_75
CD72	cluster_75
PKD2L1	cluster_75
TTK	cluster_75
CCDC88C	cluster_75
NFE4	cluster_75
MLST8	cluster_75
AIP	cluster_75
PAIP1	cluster_75
RNF7	cluster_75
CSNK2A2	cluster_75
GBX2	cluster_75
SH3GL3	cluster_75
SMARCB1	cluster_75
AMFR	cluster_75
ASAP1	cluster_75
LRRFIP2	cluster_76
CCR9	cluster_76
PPP2CB	cluster_76
MARCH7	cluster_76
SUPT5H	cluster_76
RNPS1	cluster_76
TBR1	cluster_76
PTH2	cluster_76
MBTPS1	cluster_76
TRPM6	cluster_76
MGEA5	cluster_76
CTPS2	cluster_77
NBN	cluster_77
KLF2	cluster_77
CTNNA3	cluster_77
SIN3B	cluster_77
DHX58	cluster_77
OGG1	cluster_77
MSH5	cluster_77
MMP26	cluster_77
PPP1R9B	cluster_77
LRP8	cluster_77
PDE4C	cluster_77
SMC3	cluster_77
AATF	cluster_77
IL7R	cluster_77
OBSCN	cluster_77
PIAS4	cluster_77
RASSF5	cluster_77
RIT2	cluster_77
WNT7B	cluster_77
MYOCD	cluster_77
PTK7	cluster_77
BNIP2	cluster_77
FANCD2	cluster_77
KDM4B	cluster_77
RAP1B	cluster_77
RPS19	cluster_77
CAMP	cluster_77
B7Z1Q3	cluster_77
WWP1	cluster_77
CNTNAP2	cluster_77
BRD8	cluster_77
FPR3	cluster_77
ATF2	cluster_77
XAB2	cluster_77
SASH3	cluster_77
EPHA8	cluster_77
UXT	cluster_77
FST	cluster_77
C3	cluster_77
UGT1A7	cluster_77
PDE7A	cluster_77
IBTK	cluster_77
CKAP2	cluster_77
EIF2AK2	cluster_77
VEGFC	cluster_77
WIPI1	cluster_77
ESR2	cluster_77
PPM1F	cluster_77
PPP1R12A	cluster_77
CALD1	cluster_77
KLF6	cluster_77
CPM	cluster_77
PJA1	cluster_77
TCEAL1	cluster_77
MAGI3	cluster_77
SSR2	cluster_77
TAGLN	cluster_77
GSN	cluster_77
MAPK7	cluster_77
ITGA7	cluster_77
TCP10L	cluster_77
CRK	cluster_77
FHL2	cluster_77
KIF2B	cluster_77
PHF1	cluster_77
C1D	cluster_77
B2RBL9	cluster_77
SERPINB3	cluster_77
RRAD	cluster_78
NGFRAP1	cluster_78
SFPQ	cluster_78
UPF2	cluster_78
RNF216	cluster_78
RDX	cluster_78
RAB11FIP5	cluster_78
STXBP6	cluster_78
IFNA5	cluster_78
NOX1	cluster_78
NGFR	cluster_78
PPM1G	cluster_78
REL	cluster_78
BIRC8	cluster_78
PTPN3	cluster_78
TIGAR	cluster_78
WRAP53	cluster_78
KLHL11	cluster_78
NTRK1	cluster_78
HSPA2	cluster_78
RTN4	cluster_78
IFNL1	cluster_78
RHOQ	cluster_78
MYBL2	cluster_78
DEFA5	cluster_78
TERF2	cluster_78
CCNE1	cluster_78
ITGA4	cluster_78
IL18	cluster_78
ZFAND5	cluster_78
PPP3R1	cluster_78
PSMC3	cluster_78
SRGAP3	cluster_78
TAF2	cluster_78
XPO1	cluster_78
NOTCH3	cluster_78
GNRH2	cluster_78
CACNA1H	cluster_78
TRADD	cluster_78
IDH2	cluster_78
DNTTIP2	cluster_78
FNTB	cluster_78
MINK1	cluster_78
FGF23	cluster_78
TAF9	cluster_78
BIRC6	cluster_78
ANAPC1	cluster_78
SIGLEC9	cluster_78
TICAM2	cluster_78
CREBBP	cluster_78
PARD6A	cluster_78
SMARCAD1	cluster_78
ITCH	cluster_78
FAAP20	cluster_78
GUCY1B3	cluster_78
TLK1	cluster_78
IFNB1	cluster_78
Q9BRL5	cluster_78
F2	cluster_78
FAN1	cluster_78
HSPD1	cluster_78
IL32	cluster_78
TUB	cluster_78
MLXIPL	cluster_78
MTA2	cluster_78
HLA-B	cluster_78
Q9P084	cluster_78
EYA1	cluster_78
FLNC	cluster_78
PASK	cluster_78
DCLRE1C	cluster_78
PLAU	cluster_78
KIF22	cluster_78
TOMM70A	cluster_78
SFRP4	cluster_78
NANOG	cluster_78
TNS2	cluster_78
NDEL1	cluster_78
FZD5	cluster_78
ACHE	cluster_78
B3KP83	cluster_78
ACTN4	cluster_78
PLEK	cluster_78
SEMA3F	cluster_78
RAC2	cluster_78
RFX1	cluster_78
CCL19	cluster_78
RBM39	cluster_78
Q8IZZ5	cluster_78
ERC1	cluster_78
RAPGEF5	cluster_78
NR2F1	cluster_78
GATA2	cluster_79
FZD2	cluster_79
BORA	cluster_79
CORO7	cluster_79
TCF7	cluster_79
GSPT1	cluster_79
ATP2B2	cluster_79
TBC1D7	cluster_79
B2M	cluster_79
RIPK1	cluster_79
NR1H3	cluster_79
DLX3	cluster_79
KLF5	cluster_79
SPN	cluster_79
RAB3IP	cluster_79
GAS6	cluster_79
SEC14L1	cluster_79
EIF5	cluster_79
JUP	cluster_79
IL6	cluster_79
DCX	cluster_79
WASF3	cluster_79
DUSP3	cluster_79
RGS13	cluster_79
MAP4K1	cluster_79
RANBP3	cluster_79
NLRC5	cluster_79
TRIM56	cluster_79
BRCA1	cluster_79
MTNR1A	cluster_79
TBPL1	cluster_79
BRF1	cluster_79
TAB3	cluster_79
SMS	cluster_79
PCSK1	cluster_79
TTC1	cluster_79
BRD2	cluster_79
QTRT1	cluster_79
KCND3	cluster_79
MS4A1	cluster_79
IGFBP3	cluster_79
DTX1	cluster_79
HSPB2	cluster_79
BABAM1	cluster_79
STK24	cluster_79
ZNF10	cluster_79
NEK2	cluster_79
MPP5	cluster_79
TMSB4X	cluster_79
IRF2BP2	cluster_79
DFFB	cluster_79
BIRC2	cluster_79
HDAC1	cluster_79
DAAM1	cluster_79
CDK6	cluster_79
TRIM24	cluster_79
BAG2	cluster_79
SH3RF1	cluster_79
HCK	cluster_79
PYGB	cluster_79
PRKCZ	cluster_79
ANXA2P2	cluster_79
ORC2	cluster_79
NPHP1	cluster_79
KLRC2	cluster_80
NFIX	cluster_80
SNX4	cluster_80
GRIN2B	cluster_80
KRT82	cluster_80
TNNT2	cluster_80
CHP1	cluster_80
SDC1	cluster_80
MUSK	cluster_80
CRTC3	cluster_80
PRKRA	cluster_80
PLP1	cluster_80
ITSN1	cluster_80
CRH	cluster_80
A8K9W7	cluster_80
REPS2	cluster_80
CRYBB2	cluster_80
KIR3DL1	cluster_80
CARD17	cluster_80
Q8WYR3	cluster_80
ATAD3B	cluster_80
CERK	cluster_80
CAMK2G	cluster_80
GGCX	cluster_80
ZBTB4	cluster_80
FGF8	cluster_80
PACS1	cluster_80
CSNK2B	cluster_80
TJP1	cluster_80
SMEK1	cluster_80
CGGBP1	cluster_80
FZD8	cluster_80
TAF11	cluster_80
SEC14L2	cluster_80
ZNF350	cluster_80
TPR	cluster_80
RPS6KA5	cluster_80
APIP	cluster_80
CDKN2B	cluster_80
HDAC4	cluster_80
SRPK2	cluster_80
CHIA	cluster_80
CTSL	cluster_80
STK11	cluster_80
PIN4	cluster_80
SELPLG	cluster_80
PCBP2	cluster_80
DIAPH3	cluster_80
NUP153	cluster_80
POLR2L	cluster_80
MTSS1	cluster_80
CENPU	cluster_81
APP	cluster_81
GCG	cluster_81
FGF10	cluster_81
FYN	cluster_81
PADI1	cluster_81
EIF4E2	cluster_81
FOXA1	cluster_81
RAD52	cluster_81
CST4	cluster_81
CD58	cluster_81
SIGLEC10	cluster_81
DIABLO	cluster_81
BIRC7	cluster_81
FAM195B	cluster_81
CTNNB1	cluster_81
KITLG	cluster_81
KDM2B	cluster_81
PSMD11	cluster_81
KREMEN2	cluster_81
SIGIRR	cluster_81
CD8A	cluster_81
ANO7	cluster_81
STK25	cluster_81
TFRC	cluster_81
SH3BP5	cluster_81
ILF3	cluster_81
NR1H4	cluster_81
WNT8B	cluster_81
PYY	cluster_82
PALB2	cluster_82
P2RX7	cluster_82
EIF4EBP3	cluster_82
VAMP4	cluster_82
SYN3	cluster_82
SRY	cluster_82
CTSK	cluster_82
MC5R	cluster_82
PTP4A3	cluster_82
PDHA1	cluster_82
AZI2	cluster_82
IGF1	cluster_82
SPIB	cluster_82
CD80	cluster_82
RBM4	cluster_82
UBE2D3	cluster_82
CASP4	cluster_82
CDC7	cluster_82
UBA1	cluster_82
ELP3	cluster_82
F2RL3	cluster_82
ID2	cluster_82
WNT11	cluster_82
ITGA2	cluster_82
KRT6C	cluster_82
DUSP6	cluster_82
TNIP1	cluster_82
TSKU	cluster_82
NMNAT1	cluster_82
IRF9	cluster_82
GEM	cluster_82
AAK1	cluster_82
HOXC8	cluster_82
B4GALT1	cluster_82
EEF1E1	cluster_82
FOXK2	cluster_82
FCGR2B	cluster_82
Q59GK3	cluster_82
ADCY1	cluster_82
PVRL1	cluster_82
RFC4	cluster_82
B3KXA2	cluster_82
COL4A3	cluster_82
CTSB	cluster_82
B4DG68	cluster_82
USP1	cluster_82
CTDNEP1	cluster_82
UBE2L6	cluster_82
CLK1	cluster_82
CR1	cluster_82
KLKB1	cluster_82
ESRRG	cluster_82
PTK2	cluster_82
PRSS21	cluster_82
GRID2	cluster_82
MSL2	cluster_82
GRIK1	cluster_82
DCN	cluster_82
CDK14	cluster_83
HSP90AA1	cluster_83
ARF4	cluster_83
VDAC1	cluster_83
ITK	cluster_83
H2AFX	cluster_83
PPP2R3A	cluster_83
GFPT2	cluster_83
PHLPP1	cluster_83
POLA2	cluster_83
RANBP9	cluster_83
SENP3	cluster_83
SEC16B	cluster_83
MAFF	cluster_83
HOMER3	cluster_83
NAB2	cluster_83
BTG1	cluster_83
LSR	cluster_83
CD14	cluster_83
Q9UME6	cluster_83
BMPR1A	cluster_83
ETV6	cluster_83
LMO1	cluster_83
NOTCH4	cluster_83
PICALM	cluster_83
BTLA	cluster_83
KMT2B	cluster_83
STATH	cluster_83
CARD10	cluster_83
HDAC10	cluster_83
RSC1A1	cluster_83
ARHGEF19	cluster_83
MYL3	cluster_83
V9HWC2	cluster_83
AQP2	cluster_83
AP2S1	cluster_83
CDO1	cluster_83
PITPNM1	cluster_83
IER3	cluster_83
NFE2	cluster_83
JAZF1	cluster_83
MECOM	cluster_83
S1PR3	cluster_83
NCF4	cluster_83
TNFRSF14	cluster_84
TMED10	cluster_84
KIF1C	cluster_84
GUCY2C	cluster_84
RPAP2	cluster_84
RGS19	cluster_84
MAML2	cluster_84
MELK	cluster_84
TP53	cluster_84
TAF10	cluster_84
PTPRS	cluster_84
TPBG	cluster_84
FGFR3	cluster_84
MERTK	cluster_84
BCOR	cluster_84
EPS15L1	cluster_84
TP73	cluster_84
BACE2	cluster_84
GPSM1	cluster_84
SCN5A	cluster_84
SORL1	cluster_84
ELF1	cluster_84
PTPN4	cluster_84
RAPGEF2	cluster_84
ARAP1	cluster_84
DHH	cluster_84
GBF1	cluster_84
JARID2	cluster_84
SCP2	cluster_84
MLH1	cluster_84
RARA	cluster_84
MCM8	cluster_84
ICOSLG	cluster_84
NFATC2	cluster_84
UBE3A	cluster_84
AR	cluster_84
KRT20	cluster_85
MAPK10	cluster_85
RMI1	cluster_85
ACTN3	cluster_85
PLXNB3	cluster_85
DOCK2	cluster_85
JUND	cluster_85
GADD45G	cluster_85
CALCR	cluster_85
CSNK1A1L	cluster_85
NR4A2	cluster_85
SMC6	cluster_85
PDC	cluster_85
CD22	cluster_85
DRD1	cluster_85
ATP2A1	cluster_85
USP7	cluster_85
HNRNPA2B1	cluster_85
PRDX4	cluster_85
BAK1	cluster_85
MEF2C	cluster_85
CSF3R	cluster_85
CX3CL1	cluster_85
PPP1R10	cluster_85
CNTFR	cluster_85
DZIP3	cluster_85
UBE2L3	cluster_85
CDC14B	cluster_85
UBE2M	cluster_85
NEDD4	cluster_85
TYK2	cluster_85
PDCD2	cluster_85
FABP4	cluster_85
LIPH	cluster_85
EIF4B	cluster_85
NDUFAF1	cluster_85
MAT1A	cluster_85
STX3	cluster_85
TICAM1	cluster_85
PDE1C	cluster_85
ASF1B	cluster_85
NUP210	cluster_85
WDR12	cluster_85
TPI1	cluster_86
TNFSF9	cluster_86
HOXA10	cluster_86
SLC9A3	cluster_86
ISCU	cluster_86
FLII	cluster_86
RELN	cluster_86
CLTB	cluster_86
CARD16	cluster_86
IL19	cluster_86
TPM1	cluster_86
ROS1	cluster_86
CNPY3	cluster_86
OPRM1	cluster_86
PTHLH	cluster_86
IL20	cluster_86
GSTA4	cluster_86
DFFA	cluster_86
SH3PXD2B	cluster_86
CSN1S1	cluster_86
TRIP10	cluster_86
IL18R1	cluster_86
THBS1	cluster_86
PMCH	cluster_86
CDC20	cluster_86
EMSY	cluster_86
DOCK7	cluster_86
RUNX1	cluster_86
CDC14A	cluster_86
PCSK5	cluster_86
NIN	cluster_86
CCR2	cluster_87
SPP1	cluster_87
CDH2	cluster_87
ITM2C	cluster_87
ITGA3	cluster_87
MINA	cluster_87
PIK3R3	cluster_87
VLDLR	cluster_87
KLHL3	cluster_87
PLCE1	cluster_87
BAG1	cluster_87
GNB1	cluster_87
MAML3	cluster_87
GORASP2	cluster_87
PRKG1	cluster_87
CTDSP2	cluster_87
EMD	cluster_87
SDC4	cluster_87
MAPK8IP1	cluster_87
TERT	cluster_87
CAMK2A	cluster_87
SCNN1G	cluster_87
LNX1	cluster_87
F9	cluster_87
ICK	cluster_87
CROCC	cluster_87
CDK3	cluster_87
IL10RA	cluster_87
CXCL2	cluster_87
TAF1	cluster_87
UBB	cluster_87
POU3F1	cluster_87
PLEKHO1	cluster_87
MAPK9	cluster_87
STX1A	cluster_87
GZMA	cluster_88
S100A8	cluster_88
ERN2	cluster_88
CCL11	cluster_88
MUC5AC	cluster_88
WNT7A	cluster_88
PTPN14	cluster_88
CLDN1	cluster_88
DCLRE1A	cluster_88
GLS2	cluster_88
NUP50	cluster_88
WNT10A	cluster_88
TAOK3	cluster_88
EPN1	cluster_88
SQSTM1	cluster_88
UNC93B1	cluster_88
RASGRF2	cluster_88
RNF41	cluster_88
ERCC2	cluster_88
SLC7A1	cluster_88
HIST1H2BE	cluster_88
MDFI	cluster_88
FRS3	cluster_88
FPR2	cluster_88
CDKN3	cluster_88
MXD3	cluster_88
PLAA	cluster_88
MARK4	cluster_88
EPHA1	cluster_88
CSNK1A1	cluster_88
IFNGR2	cluster_88
PAWR	cluster_88
BAX	cluster_88
SGK1	cluster_88
MAPK1	cluster_88
NTF4	cluster_88
ARHGDIA	cluster_88
COPS6	cluster_88
FUNDC1	cluster_88
ADCY7	cluster_88
CEP250	cluster_88
SPAG9	cluster_88
TFDP3	cluster_88
KLRC3	cluster_88
DUT	cluster_88
MMP13	cluster_88
CUL3	cluster_88
ESRRA	cluster_88
TK1	cluster_88
EID2	cluster_88
RALBP1	cluster_88
CASP14	cluster_88
RPS6KA1	cluster_88
CDKN1B	cluster_88
REPS1	cluster_88
CFL2	cluster_88
PNCK	cluster_88
TUBB3	cluster_88
PEG3	cluster_88
RANBP17	cluster_88
SAP30	cluster_88
MEN1	cluster_88
KRT14	cluster_88
KPNB1	cluster_88
RAD18	cluster_88
RAN	cluster_88
HHAT	cluster_88
TRPC1	cluster_88
YES1	cluster_88
OS9	cluster_88
TFF1	cluster_88
MEGF10	cluster_88
GLRB	cluster_88
CAMK1D	cluster_88
CTPS1	cluster_88
MAVS	cluster_88
WIPF1	cluster_88
RCHY1	cluster_88
ATMIN	cluster_88
NCOA1	cluster_88
TEAD1	cluster_88
ZNF24	cluster_88
TUFM	cluster_88
KCNAB2	cluster_88
ELAVL4	cluster_88
CENPF	cluster_88
PHGDH	cluster_88
SMAD9	cluster_88
MLF1	cluster_88
PSME1	cluster_88
ANXA1	cluster_88
SOX2	cluster_89
NR1H2	cluster_89
MRE11A	cluster_89
HAT1	cluster_89
CTDSP1	cluster_89
DCTN1	cluster_89
CDC16	cluster_89
B4DNC7	cluster_89
KIF13B	cluster_89
CTSS	cluster_89
RPS6KB2	cluster_89
IL17RD	cluster_89
TARDBP	cluster_89
GALR2	cluster_89
NIFK	cluster_90
SP2	cluster_90
TADA3	cluster_90
TAF7	cluster_90
TBC1D1	cluster_90
ARHGAP32	cluster_90
HPCA	cluster_90
ABI1	cluster_90
PPM1L	cluster_90
AREGB	cluster_90
F8	cluster_90
RBX1	cluster_90
VEGFB	cluster_90
CD86	cluster_90
NUP214	cluster_90
SMAD1	cluster_90
PEA15	cluster_90
PPP1R12B	cluster_90
RUSC1	cluster_90
RAP1GAP2	cluster_90
MSI1	cluster_90
EIF4A3	cluster_90
SETDB1	cluster_90
MXD4	cluster_90
SLTM	cluster_90
EIF2AK4	cluster_90
AP1B1	cluster_90
PRKAR1B	cluster_90
USP6	cluster_90
RUVBL2	cluster_90
PFN1	cluster_90
CASC3	cluster_90
IFNA17	cluster_90
PVR	cluster_90
PHKG1	cluster_90
Q14025	cluster_90
DUSP11	cluster_90
CD3EAP	cluster_90
ACTG1	cluster_90
TGS1	cluster_90
ZDHHC16	cluster_90
WNT6	cluster_90
CHAT	cluster_90
NEO1	cluster_90
GADD45B	cluster_90
POLA1	cluster_90
EPS8	cluster_90
RASGRF1	cluster_90
MSN	cluster_90
CRYGB	cluster_90
CCL24	cluster_90
GABBR1	cluster_90
CSDC2	cluster_90
RPS6KA6	cluster_90
TRIP12	cluster_90
APAF1	cluster_90
RNF11	cluster_90
MNT	cluster_90
DLG2	cluster_90
TACC2	cluster_90
AGO2	cluster_90
PCYT1A	cluster_90
PDGFD	cluster_90
NCOA6	cluster_90
CALB1	cluster_90
HOXB6	cluster_90
C4B	cluster_90
PTPRZ1	cluster_90
EIF2B3	cluster_90
CCNL2	cluster_90
FLT1	cluster_90
NEIL1	cluster_90
MMP1	cluster_90
PTP4A1	cluster_90
LAX1	cluster_90
RRAS2	cluster_90
CUX1	cluster_90
KRT18	cluster_90
ZPR1	cluster_91
HOXC6	cluster_91
TREX1	cluster_91
ROBO1	cluster_91
CCL27	cluster_91
CBFA2T3	cluster_91
CIRBP	cluster_91
MAP3K3	cluster_91
Q6MZW8	cluster_91
P4HA2	cluster_91
ADCY3	cluster_91
TBC1D25	cluster_91
Q53HG7	cluster_91
GPRASP1	cluster_91
PENK	cluster_91
ADAM2	cluster_91
CABLES2	cluster_91
LGR6	cluster_91
HNF1B	cluster_91
RAD50	cluster_91
CCAR2	cluster_91
PROKR2	cluster_91
FANCA	cluster_91
GTF2E2	cluster_91
TAL2	cluster_91
NEDD4L	cluster_91
OAS2	cluster_91
CSNK1G1	cluster_91
MMP9	cluster_91
RECQL5	cluster_91
CPSF3	cluster_91
RYR2	cluster_91
CPLX1	cluster_91
PJA2	cluster_91
B3KXJ4	cluster_91
ATXN2	cluster_91
GNB3	cluster_91
EFNA1	cluster_91
GEMIN5	cluster_91
NCOA2	cluster_91
EPHB3	cluster_91
BCL2A1	cluster_91
BCL6	cluster_91
BANF1	cluster_91
TNIP2	cluster_91
ATF7	cluster_91
SSTR4	cluster_91
PAM	cluster_91
CUL2	cluster_91
CDK16	cluster_91
HUWE1	cluster_91
ATP2C1	cluster_91
NCK2	cluster_91
TOM1L1	cluster_91
VAMP7	cluster_91
GNA13	cluster_91
WDR34	cluster_91
DLL4	cluster_91
CAPN3	cluster_91
Q547U9	cluster_91
SOX3	cluster_91
Q9UG98	cluster_91
DMC1	cluster_91
GAL	cluster_91
TAX1BP3	cluster_91
MDM4	cluster_91
STUB1	cluster_91
USP4	cluster_91
ISG20	cluster_91
SFI1	cluster_91
FMNL2	cluster_91
V9HW43	cluster_91
STOM	cluster_92
DUSP1	cluster_92
NPAT	cluster_92
TRPV3	cluster_92
GPHN	cluster_92
NCOR2	cluster_92
TSPYL2	cluster_92
CABP2	cluster_92
CXCL12	cluster_92
C1QBP	cluster_92
AMER1	cluster_92
WNT2	cluster_92
IKZF1	cluster_92
BNIP3	cluster_92
ANXA2	cluster_92
TEAD4	cluster_92
BAG4	cluster_92
MKL1	cluster_92
FBXO4	cluster_92
TP63	cluster_92
PAXIP1	cluster_92
POU2AF1	cluster_92
FBXW5	cluster_92
PHLDA1	cluster_92
CSK	cluster_92
AP2A1	cluster_92
ATP2B1	cluster_92
CD33	cluster_92
TIMP2	cluster_92
LAMB1	cluster_92
FAM107A	cluster_92
KLHL25	cluster_92
MN1	cluster_92
CCNG1	cluster_92
CLCA1	cluster_92
ACVR2B	cluster_92
CHD3	cluster_92
CTDSPL2	cluster_92
ATG13	cluster_92
TMBIM6	cluster_92
ARHGAP24	cluster_92
UBQLN1	cluster_92
PCNA	cluster_92
EPHA4	cluster_92
PDP1	cluster_92
CA9	cluster_92
VCAM1	cluster_92
CNTN1	cluster_92
ISG15	cluster_92
NRG1	cluster_92
STAT5B	cluster_92
EFHC1	cluster_92
Q59GL5	cluster_92
MAP4	cluster_92
PHF6	cluster_92
KDM6B	cluster_92
HLA-G	cluster_92
SEC63	cluster_92
NFKB2	cluster_93
CHP2	cluster_93
PPIB	cluster_93
TLR3	cluster_93
HSF4	cluster_93
ASB2	cluster_93
BMX	cluster_93
SLC6A12	cluster_93
WNT10B	cluster_93
EED	cluster_93
ENTPD1	cluster_93
ABL2	cluster_93
PPA1	cluster_93
IMPDH2	cluster_93
GORASP1	cluster_93
MBP	cluster_93
GLP2R	cluster_93
EIF4E	cluster_93
SLC22A8	cluster_93
PPM1J	cluster_93
CEP164	cluster_93
DPYSL2	cluster_93
AQP5	cluster_93
BTG2	cluster_93
PARP3	cluster_93
EIF6	cluster_93
IL21	cluster_93
TPD52	cluster_93
UNC5CL	cluster_93
EIF4A1	cluster_93
MEF2A	cluster_93
DLK2	cluster_94
GNA11	cluster_94
DVL1	cluster_94
HEXIM1	cluster_94
IFNA13	cluster_94
PTPRR	cluster_94
EXOC7	cluster_94
PLK1	cluster_94
PDHB	cluster_94
ATP6AP2	cluster_94
L1CAM	cluster_94
BMP10	cluster_94
CBX4	cluster_94
GSPT2	cluster_94
OTX2	cluster_94
MGP	cluster_94
SAT1	cluster_94
MED12	cluster_94
FBXW8	cluster_94
RIT1	cluster_94
DEK	cluster_94
AMIGO2	cluster_94
ARHGEF4	cluster_94
RSPO2	cluster_94
IFIT2	cluster_94
PRKD3	cluster_94
TTF2	cluster_94
PNPT1	cluster_94
ZFYVE16	cluster_94
SENP1	cluster_94
RLN1	cluster_94
PROK1	cluster_94
ANKRD17	cluster_94
ARPC3	cluster_94
GRK5	cluster_94
CCNB2	cluster_94
TNFRSF18	cluster_94
LMO2	cluster_94
RAB4A	cluster_94
JAG2	cluster_94
ABL1	cluster_94
LAMA5	cluster_94
BCAP31	cluster_94
MAPK12	cluster_94
PYDC1	cluster_94
PARD3	cluster_94
TNFRSF25	cluster_94
MAFB	cluster_94
BIN1	cluster_94
TNKS	cluster_94
NLRP1	cluster_94
NUSAP1	cluster_94
SP3	cluster_94
ARPC4	cluster_94
SSTR2	cluster_94
H3F3B	cluster_94
ZNF420	cluster_94
NMT1	cluster_94
MCM2	cluster_94
KISS1	cluster_94
EIF3B	cluster_94
PRRX1	cluster_94
NFKBIE	cluster_94
SEC13	cluster_94
EIF2A	cluster_94
FRK	cluster_94
MSH3	cluster_94
DBF4	cluster_94
AVPR2	cluster_94
CCDC50	cluster_94
EDNRA	cluster_94
CCNT2	cluster_94
CRP	cluster_94
CDKN2AIP	cluster_94
PSTPIP1	cluster_94
TRIP11	cluster_94
COL5A2	cluster_94
GIT2	cluster_94
GAB1	cluster_94
TRIM38	cluster_94
SH3BP2	cluster_94
LY86	cluster_94
TPPP	cluster_94
RPTOR	cluster_94
EPO	cluster_94
XRCC6	cluster_94
WNT16	cluster_94
TNIK	cluster_94
KDM5D	cluster_94
PPP1R14B	cluster_94
IFNW1	cluster_95
EIF3D	cluster_95
AQP9	cluster_95
GABRA1	cluster_95
Q53ES7	cluster_95
HIF3A	cluster_95
LIG3	cluster_95
PPP1R1A	cluster_95
CLCN3	cluster_95
A8K171	cluster_95
PFKL	cluster_95
STMN2	cluster_95
SYT11	cluster_95
F5	cluster_95
TOLLIP	cluster_95
RAP1GDS1	cluster_95
ZMYND11	cluster_95
POU4F3	cluster_95
HNRNPA1	cluster_95
DSG2	cluster_95
EIF2AK1	cluster_95
FOXM1	cluster_95
STEAP4	cluster_95
TP53TG5	cluster_95
ALPI	cluster_95
ANGPT2	cluster_95
IRAK3	cluster_95
KALRN	cluster_95
CYBB	cluster_95
FASLG	cluster_95
DKK1	cluster_95
B2RAH5	cluster_95
GOLGA2	cluster_95
FZD1	cluster_95
HBA1	cluster_95
F2RL2	cluster_95
RXRA	cluster_95
GGA1	cluster_95
FCGR2A	cluster_95
ACKR3	cluster_95
GP1BA	cluster_95
RHOG	cluster_95
TUBA8	cluster_95
SEPT2	cluster_96
CD9	cluster_96
REC8	cluster_96
GSTA1	cluster_96
RASGEF1C	cluster_96
KIF23	cluster_96
PLCG1	cluster_96
AKR1B1	cluster_96
FBLN2	cluster_96
DGKD	cluster_96
POFUT1	cluster_96
COL4A3BP	cluster_96
HSPA9	cluster_96
Q96FS5	cluster_96
PTGER3	cluster_96
FOSL2	cluster_96
PAX6	cluster_96
SIRT7	cluster_96
SRI	cluster_96
CDC27	cluster_96
LINGO1	cluster_96
CCL17	cluster_96
DACH2	cluster_96
FKBP4	cluster_96
NR4A1	cluster_96
PTPN2	cluster_96
TBP	cluster_96
MARCKS	cluster_96
MYBPC3	cluster_96
UBE2I	cluster_96
WIZ	cluster_96
EIF4G1	cluster_96
C5AR2	cluster_96
IKBKE	cluster_96
SLC12A3	cluster_96
MAF	cluster_96
SORBS2	cluster_96
LHB	cluster_96
JAK1	cluster_96
CEACAM1	cluster_96
AGA	cluster_96
PSENEN	cluster_96
HOMER2	cluster_96
ICOS	cluster_96
CBLB	cluster_96
HINFP	cluster_96
TGM1	cluster_96
PIAS2	cluster_96
HBP1	cluster_96
EPC1	cluster_96
SLC25A4	cluster_96
MCM3AP	cluster_96
FGFR2	cluster_96
ADAM15	cluster_96
RHEBL1	cluster_96
ACACB	cluster_96
FEZ2	cluster_96
EDN1	cluster_96
MMP12	cluster_96
NCBP1	cluster_96
MPG	cluster_97
TOPORS	cluster_97
CUL4B	cluster_97
CBLC	cluster_97
RBCK1	cluster_97
MFN1	cluster_97
INPP5D	cluster_97
ULK2	cluster_97
NUTF2	cluster_97
EIF2S3	cluster_97
TAF4	cluster_97
KLC2	cluster_97
TGIF1	cluster_97
CD3D	cluster_97
CXCL9	cluster_97
PRCC	cluster_97
CXCR4	cluster_97
PGR	cluster_97
CIT	cluster_97
RYBP	cluster_97
PLSCR3	cluster_97
GAB3	cluster_97
ERRFI1	cluster_97
IRF1	cluster_97
STK4	cluster_97
PTPN5	cluster_97
BIK	cluster_97
GPKOW	cluster_97
B4DGH1	cluster_97
USF1	cluster_97
NANOS1	cluster_97
CABYR	cluster_97
COPS2	cluster_97
PADI4	cluster_97
Q59EA4	cluster_97
NOLC1	cluster_97
ASCC3	cluster_97
Q96CY7	cluster_97
KDM3A	cluster_97
MYL12A	cluster_97
B4DW78	cluster_97
PRDM16	cluster_97
ERCC1	cluster_97
GNAT2	cluster_97
G6PD	cluster_97
CNTNAP1	cluster_97
ERCC6	cluster_97
NEK1	cluster_97
HIST1H2BM	cluster_97
SOS1	cluster_97
TP53BP1	cluster_97
ADAM17	cluster_97
SERPINF2	cluster_97
BECN1	cluster_97
CAMK4	cluster_97
SOCS7	cluster_97
MAPKAPK3	cluster_97
PRKAA2	cluster_97
RIPK3	cluster_97
DUSP9	cluster_97
ACTB	cluster_97
Q59F04	cluster_98
MS4A2	cluster_98
LEP	cluster_98
AJUBA	cluster_98
CXCL6	cluster_98
ATPIF1	cluster_98
SH2D1A	cluster_98
NCAM1	cluster_98
FGR	cluster_98
POMC	cluster_98
KCND1	cluster_98
PRKCE	cluster_98
FGF19	cluster_98
NKX2-1	cluster_98
GUCA2A	cluster_98
MAPK13	cluster_98
ACTR2	cluster_98
MCTS1	cluster_98
NLRX1	cluster_98
DEFB4B	cluster_98
GOPC	cluster_98
PRKAR2B	cluster_98
TBC1D4	cluster_98
TFPI	cluster_98
PRMT6	cluster_98
PRH2	cluster_98
SOX10	cluster_98
MTOR	cluster_98
SFTPA2	cluster_98
LPIN1	cluster_98
NOG	cluster_98
PIK3R2	cluster_98
MFNG	cluster_98
TCL1B	cluster_98
K9JA46	cluster_98
PRKAA1	cluster_98
CDC42	cluster_98
SH2D3A	cluster_98
IFNA2	cluster_98
RAB5A	cluster_98
STAT4	cluster_98
PHF11	cluster_98
DAPK2	cluster_98
PPP2R2A	cluster_98
ELMO1	cluster_99
RBL1	cluster_99
RXRB	cluster_99
ESPL1	cluster_99
RGS16	cluster_99
EIF3A	cluster_99
ZKSCAN3	cluster_99
NUDC	cluster_99
NLRP7	cluster_99
MAP1LC3B	cluster_99
PREX1	cluster_99
LTB4R2	cluster_99
MAPK15	cluster_99
HSPB6	cluster_99
GRB14	cluster_99
FER	cluster_99
HR	cluster_99
Q59E85	cluster_99
HSP90B1	cluster_99
PFKFB1	cluster_99
WBP11	cluster_99
LAIR1	cluster_99
CAMKK2	cluster_99
RRAS	cluster_99
PTTG1	cluster_99
DNAJC3	cluster_99
NRP1	cluster_99
CPEB1	cluster_99
ASAH2B	cluster_99
AFAP1	cluster_99
NFIC	cluster_99
THEM4	cluster_99
AKT3	cluster_99
SMURF1	cluster_99
HTR1A	cluster_99
KLC1	cluster_99
HIST2H2BC	cluster_99
CDCA4	cluster_99
CCRL2	cluster_99
HNRNPM	cluster_99
GJA1	cluster_99
PPP2R1B	cluster_99
RAF1	cluster_99
ARFIP2	cluster_99
DUSP5	cluster_99
HOXB7	cluster_99
SH2B3	cluster_99
LRP2	cluster_99
PKN2	cluster_99
DAXX	cluster_99
CCL3L3	cluster_99
MYH2	cluster_99
SELL	cluster_99
DVL1P1	cluster_99
EIF4EBP1	cluster_99
PSMC2	cluster_99
Q4LE70	cluster_99
KPNA2	cluster_99
BRCC3	cluster_99
MUTYH	cluster_99
DAB2	cluster_99
BANP	cluster_99
MAP3K12	cluster_99
MRGPRX1	cluster_99
EPHB2	cluster_99
NR5A2	cluster_99
DCLRE1B	cluster_99
ARFGAP1	cluster_99
S1PR1	cluster_99
IL4R	cluster_99
SYN1	cluster_99
GJB1	cluster_99
SETBP1	cluster_99
AIMP1	cluster_99
TNFRSF8	cluster_99
ZNRF3	cluster_99
STK10	cluster_99
PTP4A2	cluster_99
NFATC3	cluster_99
PLAT	cluster_99
RIOK2	cluster_99
PRKACA	cluster_100
REM1	cluster_100
CTDP1	cluster_100
ABCF1	cluster_100
GNL3	cluster_100
RASGEF1B	cluster_100
DVL3	cluster_100
RPL13A	cluster_100
Q7Z322	cluster_100
KCNJ11	cluster_100
MPO	cluster_100
ZFHX3	cluster_100
PIRT	cluster_100
PROS1	cluster_100
ST13	cluster_100
DUOX2	cluster_100
PITX3	cluster_100
SUMO1	cluster_100
NR2F6	cluster_100
EXOC2	cluster_100
THRB	cluster_100
KCNA1	cluster_100
CLDN7	cluster_100
CDV3	cluster_100
CHRM4	cluster_100
Q59FG2	cluster_100
EFNA4	cluster_100
SLC6A1	cluster_100
GCGR	cluster_100
MEIS2	cluster_100
PRKCA	cluster_6
PRKCA	cluster_7
CSNK2A1	cluster_9
CSNK1A1	cluster_10
CAMK2A	cluster_11
PRKCA	cluster_11
CXCR4	cluster_12
IGF1R	cluster_12
ZAP70	cluster_12
PPARG	cluster_14
IRS1	cluster_14
GSK3B	cluster_14
LYN	cluster_15
FYN	cluster_15
PRKCA	cluster_15
CSNK2A1	cluster_17
PRKACA	cluster_19
SRC	cluster_19
AKT1	cluster_20
AKT1	cluster_21
CSNK2A1	cluster_21
PRKACA	cluster_21
CDK1	cluster_22
MYC	cluster_23
EGFR	cluster_23
AKT1	cluster_23
PRKACA	cluster_24
PRKCA	cluster_24
SMO	cluster_25
MAPK3	cluster_25
MAPK1	cluster_25
CDK1	cluster_27
PRKCA	cluster_27
SRC	cluster_27
AKT1	cluster_28
CSNK2A1	cluster_30
PRKACA	cluster_30
CSNK2A1	cluster_31
PRKACA	cluster_31
PTK2	cluster_32
RAF1	cluster_32
PPP2CB	cluster_32
NFKBIA	cluster_35
MAPK1	cluster_35
PTPRJ	cluster_36
PRKD1	cluster_36
CALM2	cluster_36
CDK1	cluster_37
MAPK8	cluster_38
MAPK14	cluster_38
MAPK1	cluster_38
MAPK1	cluster_40
PRKACA	cluster_40
CDK1	cluster_42
PRKACA	cluster_42
PRKCA	cluster_42
SP1	cluster_43
PRKCA	cluster_43
PRKCA	cluster_44
PRKACA	cluster_45
SRC	cluster_45
SMAD3	cluster_46
TP53	cluster_46
MAPK1	cluster_46
CASP7	cluster_53
AURKA	cluster_53
MAP3K7	cluster_53
PRKACA	cluster_56
CDK2	cluster_57
CDK1	cluster_59
CDK5	cluster_62
AKT1	cluster_62
PRKACA	cluster_62
MAPK3	cluster_63
CDK1	cluster_63
CDK5	cluster_65
GSK3B	cluster_65
CDK1	cluster_65
PRKCA	cluster_66
GSK3B	cluster_67
PRKACA	cluster_67
NEDD4L	cluster_68
SGK1	cluster_68
SMAD4	cluster_68
CSNK2A1	cluster_70
CDK1	cluster_70
CSNK2A1	cluster_71
CSNK2A1	cluster_72
CSNK2A1	cluster_73
CDK9	cluster_76
MAPK1	cluster_77
AKT1	cluster_79
CSNK2A1	cluster_79
CSNK2A1	cluster_80
AR	cluster_81
AKT1	cluster_81
PRKCA	cluster_81
CDK1	cluster_82
PRKCA	cluster_84
BRCA1	cluster_89
SMAD2	cluster_89
SMAD3	cluster_89
CASP3	cluster_93
MAPK3	cluster_93
MAPK1	cluster_93
MAPK1	cluster_94
CDK1	cluster_95
TP53	cluster_97
MAPK3	cluster_97
MAPK1	cluster_97
AKT1	cluster_99
MAPK1	cluster_99
SRC	cluster_99
